preproduction payer_id,payer_name,payer_country,payer_service,payer_currency,transaction_type
2838,All Banks Andorra / EUR / Payment System: SEPA,Andorra,BankAccount,EUR,C2C
2007,All Banks Austria / EUR / Payment System: SEPA,Austria,BankAccount,EUR,C2C
2006,All Banks Belgium / EUR / Payment System: SEPA,Belgium,BankAccount,EUR,C2C
565,Orange Money,Botswana,MobileWallet,BWP,C2C
2827,All Banks Bulgaria / EUR / Payment System: SEPA,Bulgaria,BankAccount,EUR,C2C
958,Ecocash,Burundi,MobileWallet,BIF,C2C
2067,UnionPay,China,BankAccount,CNY,B2C
2067,UnionPay,China,BankAccount,CNY,C2C
2828,All Banks Croatia / EUR / Payment System: SEPA,Croatia,BankAccount,EUR,C2C
2003,All Banks Cyprus / EUR / Payment System: SEPA,Cyprus,BankAccount,EUR,C2C
2829,All Banks Czech Republic / EUR / Payment System: SEPA,Czech Republic,BankAccount,EUR,C2C
2830,All Banks Denmark / EUR / Payment System: SEPA,Denmark,BankAccount,EUR,C2C
2005,All Banks Estonia / EUR / Payment System: SEPA,Estonia,BankAccount,EUR,C2C
498,HelloCash,Ethiopia,MobileWallet,ETB,C2C
2004,All Banks Finland / EUR / Payment System: SEPA,Finland,BankAccount,EUR,C2C
1808,All Banks France / EUR / Payment System: SEPA,France,BankAccount,EUR,C2C
1809,All Banks Germany / EUR / Payment System: SEPA,Germany,BankAccount,EUR,C2C
1669,Access Bank,Ghana,BankAccount,GHS,C2C
1669,Access Bank,Ghana,BankAccount,GHS,B2B
1806,Agricultural Development Bank,Ghana,BankAccount,GHS,C2C
2585,Barclays Bank,Ghana,BankAccount,GHS,C2C
2585,Barclays Bank,Ghana,BankAccount,GHS,B2B
1670,Cal Bank,Ghana,BankAccount,GHS,B2B
1670,Cal Bank,Ghana,BankAccount,GHS,C2C
2908,Consolidated Bank Ghana Limited (CBG),Ghana,BankAccount,GHS,C2C
2908,Consolidated Bank Ghana Limited (CBG),Ghana,BankAccount,GHS,B2B
1246,Ecobank,Ghana,BankAccount,GHS,C2C
1246,Ecobank,Ghana,BankAccount,GHS,B2B
2587,Fidelity Bank,Ghana,BankAccount,GHS,C2C
2587,Fidelity Bank,Ghana,BankAccount,GHS,B2B
2907,First Atlantic Bank Ltd,Ghana,BankAccount,GHS,B2B
2907,First Atlantic Bank Ltd,Ghana,BankAccount,GHS,C2C
1674,First National Bank,Ghana,BankAccount,GHS,B2B
1674,First National Bank,Ghana,BankAccount,GHS,C2C
1243,Gcb Bank Ltd,Ghana,BankAccount,GHS,C2C
1243,Gcb Bank Ltd,Ghana,BankAccount,GHS,B2B
1675,Guaranty Trust Bank,Ghana,BankAccount,GHS,C2C
1675,Guaranty Trust Bank,Ghana,BankAccount,GHS,B2B
1676,National Investment Bank,Ghana,BankAccount,GHS,C2C
1676,National Investment Bank,Ghana,BankAccount,GHS,B2B
2590,Prudential Bank,Ghana,BankAccount,GHS,C2C
2590,Prudential Bank,Ghana,BankAccount,GHS,B2B
1244,Republic Bank Ghana,Ghana,BankAccount,GHS,B2B
1244,Republic Bank Ghana,Ghana,BankAccount,GHS,C2C
1678,Stanbic Bank,Ghana,BankAccount,GHS,B2B
1678,Stanbic Bank,Ghana,BankAccount,GHS,C2C
1242,Standard Chartered Bank,Ghana,BankAccount,GHS,B2C
1242,Standard Chartered Bank,Ghana,BankAccount,GHS,C2C
1242,Standard Chartered Bank,Ghana,BankAccount,GHS,B2B
1679,United Bank for Africa,Ghana,BankAccount,GHS,C2C
1679,United Bank for Africa,Ghana,BankAccount,GHS,B2B
1680,Universal Merchant Bank,Ghana,BankAccount,GHS,C2C
1680,Universal Merchant Bank,Ghana,BankAccount,GHS,B2B
1245,Zenith Bank,Ghana,BankAccount,GHS,B2C
1245,Zenith Bank,Ghana,BankAccount,GHS,B2B
1245,Zenith Bank,Ghana,BankAccount,GHS,C2C
1245,Zenith Bank,Ghana,BankAccount,GHS,C2B
36,Airtel Money,Ghana,MobileWallet,GHS,C2C
37,MTN Mobile Money,Ghana,MobileWallet,GHS,C2C
985,Tigo Money,Ghana,MobileWallet,GHS,C2C
1399,Vodafone Money,Ghana,MobileWallet,GHS,C2C
2002,All Banks Greece / EUR / Payment System: SEPA,Greece,BankAccount,EUR,C2C
2840,All Banks Vatican City State / EUR / Payment System: SEPA,Holy See,BankAccount,EUR,C2C
2759,Agricultural Bank of China Limited,Hong Kong,BankAccount,CNY,B2B
2759,Agricultural Bank of China Limited,Hong Kong,BankAccount,CNY,C2C
2759,Agricultural Bank of China Limited,Hong Kong,BankAccount,CNY,B2C
2761,Bank of China ( Hong Kong ) Limited,Hong Kong,BankAccount,CNY,B2C
2761,Bank of China ( Hong Kong ) Limited,Hong Kong,BankAccount,CNY,B2B
2761,Bank of China ( Hong Kong ) Limited,Hong Kong,BankAccount,CNY,C2C
2758,China Construction Bank (Asia) Corporation Limited,Hong Kong,BankAccount,CNY,B2C
2758,China Construction Bank (Asia) Corporation Limited,Hong Kong,BankAccount,CNY,C2C
2758,China Construction Bank (Asia) Corporation Limited,Hong Kong,BankAccount,CNY,B2B
2760,"China Minsheng Banking Corp., Ltd",Hong Kong,BankAccount,CNY,B2B
2760,"China Minsheng Banking Corp., Ltd",Hong Kong,BankAccount,CNY,B2C
2760,"China Minsheng Banking Corp., Ltd",Hong Kong,BankAccount,CNY,C2C
2753,Chong Hing Bank Limited,Hong Kong,BankAccount,CNY,B2B
2753,Chong Hing Bank Limited,Hong Kong,BankAccount,CNY,B2C
2753,Chong Hing Bank Limited,Hong Kong,BankAccount,CNY,C2C
2751,Citibank (Hong Kong) Limited,Hong Kong,BankAccount,CNY,B2C
2751,Citibank (Hong Kong) Limited,Hong Kong,BankAccount,CNY,B2B
2751,Citibank (Hong Kong) Limited,Hong Kong,BankAccount,CNY,C2C
2750,Citibank N.A.,Hong Kong,BankAccount,CNY,B2C
2750,Citibank N.A.,Hong Kong,BankAccount,CNY,B2B
2750,Citibank N.A.,Hong Kong,BankAccount,CNY,C2C
2755,CMB Wing Lung Bank Limited,Hong Kong,BankAccount,CNY,B2C
2755,CMB Wing Lung Bank Limited,Hong Kong,BankAccount,CNY,C2C
2755,CMB Wing Lung Bank Limited,Hong Kong,BankAccount,CNY,B2B
2754,DBS Bank (Hong Kong) Limited,Hong Kong,BankAccount,CNY,C2C
2754,DBS Bank (Hong Kong) Limited,Hong Kong,BankAccount,CNY,B2C
2754,DBS Bank (Hong Kong) Limited,Hong Kong,BankAccount,CNY,B2B
2752,Hang Seng Bank Ltd.,Hong Kong,BankAccount,CNY,B2C
2752,Hang Seng Bank Ltd.,Hong Kong,BankAccount,CNY,C2C
2752,Hang Seng Bank Ltd.,Hong Kong,BankAccount,CNY,B2B
2756,Industrial and Commercial Bank of China (Asia),Hong Kong,BankAccount,CNY,C2C
2756,Industrial and Commercial Bank of China (Asia),Hong Kong,BankAccount,CNY,B2C
2756,Industrial and Commercial Bank of China (Asia),Hong Kong,BankAccount,CNY,B2B
2757,Nanyang Commercial Bank,Hong Kong,BankAccount,CNY,C2C
2757,Nanyang Commercial Bank,Hong Kong,BankAccount,CNY,B2B
2757,Nanyang Commercial Bank,Hong Kong,BankAccount,CNY,B2C
2748,Standard Chartered Bank (Hong Kong) Limited,Hong Kong,BankAccount,CNY,B2C
2748,Standard Chartered Bank (Hong Kong) Limited,Hong Kong,BankAccount,CNY,C2C
2748,Standard Chartered Bank (Hong Kong) Limited,Hong Kong,BankAccount,CNY,B2B
2749,The Hongkong and Shanghai Banking Corporation Limited,Hong Kong,BankAccount,CNY,B2B
2749,The Hongkong and Shanghai Banking Corporation Limited,Hong Kong,BankAccount,CNY,C2C
2749,The Hongkong and Shanghai Banking Corporation Limited,Hong Kong,BankAccount,CNY,B2C
2745,Agricultural Bank of China Limited,Hong Kong,BankAccount,HKD,C2C
2745,Agricultural Bank of China Limited,Hong Kong,BankAccount,HKD,B2C
2745,Agricultural Bank of China Limited,Hong Kong,BankAccount,HKD,B2B
2747,Bank of China ( Hong Kong ) Limited,Hong Kong,BankAccount,HKD,C2C
2747,Bank of China ( Hong Kong ) Limited,Hong Kong,BankAccount,HKD,B2B
2747,Bank of China ( Hong Kong ) Limited,Hong Kong,BankAccount,HKD,B2C
2744,China Construction Bank (Asia) Corporation Limited,Hong Kong,BankAccount,HKD,B2C
2744,China Construction Bank (Asia) Corporation Limited,Hong Kong,BankAccount,HKD,C2C
2744,China Construction Bank (Asia) Corporation Limited,Hong Kong,BankAccount,HKD,B2B
2746,"China Minsheng Banking Corp., Ltd",Hong Kong,BankAccount,HKD,C2C
2746,"China Minsheng Banking Corp., Ltd",Hong Kong,BankAccount,HKD,B2B
2746,"China Minsheng Banking Corp., Ltd",Hong Kong,BankAccount,HKD,B2C
2739,Chong Hing Bank Limited,Hong Kong,BankAccount,HKD,B2B
2739,Chong Hing Bank Limited,Hong Kong,BankAccount,HKD,B2C
2739,Chong Hing Bank Limited,Hong Kong,BankAccount,HKD,C2C
2737,Citibank (Hong Kong) Limited,Hong Kong,BankAccount,HKD,B2C
2737,Citibank (Hong Kong) Limited,Hong Kong,BankAccount,HKD,B2B
2737,Citibank (Hong Kong) Limited,Hong Kong,BankAccount,HKD,C2C
2736,Citibank N.A.,Hong Kong,BankAccount,HKD,C2C
2736,Citibank N.A.,Hong Kong,BankAccount,HKD,B2B
2736,Citibank N.A.,Hong Kong,BankAccount,HKD,B2C
2741,CMB Wing Lung Bank Limited,Hong Kong,BankAccount,HKD,B2B
2741,CMB Wing Lung Bank Limited,Hong Kong,BankAccount,HKD,B2C
2741,CMB Wing Lung Bank Limited,Hong Kong,BankAccount,HKD,C2C
2740,DBS Bank (Hong Kong) Limited,Hong Kong,BankAccount,HKD,B2B
2740,DBS Bank (Hong Kong) Limited,Hong Kong,BankAccount,HKD,C2C
2740,DBS Bank (Hong Kong) Limited,Hong Kong,BankAccount,HKD,B2C
2738,Hang Seng Bank Ltd.,Hong Kong,BankAccount,HKD,B2B
2738,Hang Seng Bank Ltd.,Hong Kong,BankAccount,HKD,B2C
2738,Hang Seng Bank Ltd.,Hong Kong,BankAccount,HKD,C2C
2742,Industrial and Commercial Bank of China (Asia),Hong Kong,BankAccount,HKD,B2B
2742,Industrial and Commercial Bank of China (Asia),Hong Kong,BankAccount,HKD,B2C
2742,Industrial and Commercial Bank of China (Asia),Hong Kong,BankAccount,HKD,C2C
2743,Nanyang Commercial Bank,Hong Kong,BankAccount,HKD,B2C
2743,Nanyang Commercial Bank,Hong Kong,BankAccount,HKD,C2C
2743,Nanyang Commercial Bank,Hong Kong,BankAccount,HKD,B2B
2734,Standard Chartered Bank (Hong Kong) Limited,Hong Kong,BankAccount,HKD,B2B
2734,Standard Chartered Bank (Hong Kong) Limited,Hong Kong,BankAccount,HKD,B2C
2734,Standard Chartered Bank (Hong Kong) Limited,Hong Kong,BankAccount,HKD,C2C
2735,The Hongkong and Shanghai Banking Corporation Limited,Hong Kong,BankAccount,HKD,B2B
2735,The Hongkong and Shanghai Banking Corporation Limited,Hong Kong,BankAccount,HKD,B2C
2735,The Hongkong and Shanghai Banking Corporation Limited,Hong Kong,BankAccount,HKD,C2C
2831,All Banks Hungary / EUR / Payment System: SEPA,Hungary,BankAccount,EUR,C2C
2832,All Banks Iceland / EUR / Payment System: SEPA,Iceland,BankAccount,EUR,C2C
406,All Banks / Payment System: Default,India,BankAccount,INR,B2C
406,All Banks / Payment System: Default,India,BankAccount,INR,C2C
265,Bank Aceh,Indonesia,BankAccount,IDR,C2C
335,Bank Agris,Indonesia,BankAccount,IDR,C2C
335,Bank Agris,Indonesia,BankAccount,IDR,B2C
335,Bank Agris,Indonesia,BankAccount,IDR,B2B
310,Bank Agro,Indonesia,BankAccount,IDR,B2B
310,Bank Agro,Indonesia,BankAccount,IDR,C2C
310,Bank Agro,Indonesia,BankAccount,IDR,B2C
247,Bank Anz Indonesia P.t.,Indonesia,BankAccount,IDR,C2C
247,Bank Anz Indonesia P.t.,Indonesia,BankAccount,IDR,B2C
247,Bank Anz Indonesia P.t.,Indonesia,BankAccount,IDR,B2B
232,Bank Artha Graha Internasional Tbk Pt,Indonesia,BankAccount,IDR,C2C
232,Bank Artha Graha Internasional Tbk Pt,Indonesia,BankAccount,IDR,B2B
232,Bank Artha Graha Internasional Tbk Pt,Indonesia,BankAccount,IDR,B2C
322,Bank Artos,Indonesia,BankAccount,IDR,C2C
322,Bank Artos,Indonesia,BankAccount,IDR,B2B
322,Bank Artos,Indonesia,BankAccount,IDR,B2C
282,Bank Bengkulu,Indonesia,BankAccount,IDR,B2B
282,Bank Bengkulu,Indonesia,BankAccount,IDR,B2C
282,Bank Bengkulu,Indonesia,BankAccount,IDR,C2C
261,Bank BPD DIY,Indonesia,BankAccount,IDR,B2C
261,Bank BPD DIY,Indonesia,BankAccount,IDR,B2B
261,Bank BPD DIY,Indonesia,BankAccount,IDR,C2C
274,Bank BPD Kal Teng,Indonesia,BankAccount,IDR,B2C
274,Bank BPD Kal Teng,Indonesia,BankAccount,IDR,C2C
274,Bank BPD Kal Teng,Indonesia,BankAccount,IDR,B2B
281,Bank BPD Papua,Indonesia,BankAccount,IDR,C2C
281,Bank BPD Papua,Indonesia,BankAccount,IDR,B2B
281,Bank BPD Papua,Indonesia,BankAccount,IDR,B2C
268,Bank BPD Riau,Indonesia,BankAccount,IDR,B2C
268,Bank BPD Riau,Indonesia,BankAccount,IDR,B2B
268,Bank BPD Riau,Indonesia,BankAccount,IDR,C2C
333,Bank BPR EKA,Indonesia,BankAccount,IDR,C2C
332,BANK BPR KS,Indonesia,BankAccount,IDR,C2C
301,Bank BRI Syariah,Indonesia,BankAccount,IDR,B2C
301,Bank BRI Syariah,Indonesia,BankAccount,IDR,C2C
301,Bank BRI Syariah,Indonesia,BankAccount,IDR,B2B
2397,BANK BTPN SYARIAH,Indonesia,BankAccount,IDR,C2C
304,Bank Bukopin,Indonesia,BankAccount,IDR,C2C
304,Bank Bukopin,Indonesia,BankAccount,IDR,B2B
304,Bank Bukopin,Indonesia,BankAccount,IDR,B2C
242,Bank Capital Indonesia,Indonesia,BankAccount,IDR,C2C
242,Bank Capital Indonesia,Indonesia,BankAccount,IDR,B2C
242,Bank Capital Indonesia,Indonesia,BankAccount,IDR,B2B
220,Bank Central Asia,Indonesia,BankAccount,IDR,B2C
220,Bank Central Asia,Indonesia,BankAccount,IDR,C2C
220,Bank Central Asia,Indonesia,BankAccount,IDR,B2B
321,Bank Central Asia Syariah,Indonesia,BankAccount,IDR,B2B
321,Bank Central Asia Syariah,Indonesia,BankAccount,IDR,B2C
321,Bank Central Asia Syariah,Indonesia,BankAccount,IDR,C2C
338,Bank Chinatrust Indonesia Pt,Indonesia,BankAccount,IDR,B2B
338,Bank Chinatrust Indonesia Pt,Indonesia,BankAccount,IDR,C2C
338,Bank Chinatrust Indonesia Pt,Indonesia,BankAccount,IDR,B2C
339,Bank Commonwealth,Indonesia,BankAccount,IDR,B2C
339,Bank Commonwealth,Indonesia,BankAccount,IDR,C2C
339,Bank Commonwealth,Indonesia,BankAccount,IDR,B2B
237,Bank Dbs Indonesia Pt,Indonesia,BankAccount,IDR,C2C
237,Bank Dbs Indonesia Pt,Indonesia,BankAccount,IDR,B2C
237,Bank Dbs Indonesia Pt,Indonesia,BankAccount,IDR,B2B
260,Bank Dki Pt.,Indonesia,BankAccount,IDR,B2B
260,Bank Dki Pt.,Indonesia,BankAccount,IDR,B2C
260,Bank Dki Pt.,Indonesia,BankAccount,IDR,C2C
293,Bank Ganesha,Indonesia,BankAccount,IDR,B2C
293,Bank Ganesha,Indonesia,BankAccount,IDR,B2B
293,Bank Ganesha,Indonesia,BankAccount,IDR,C2C
307,Bank Hana,Indonesia,BankAccount,IDR,C2C
307,Bank Hana,Indonesia,BankAccount,IDR,B2B
307,Bank Hana,Indonesia,BankAccount,IDR,B2C
330,Bank HARDA,Indonesia,BankAccount,IDR,C2C
315,Bank INA,Indonesia,BankAccount,IDR,B2C
315,Bank INA,Indonesia,BankAccount,IDR,B2B
315,Bank INA,Indonesia,BankAccount,IDR,C2C
326,Bank Index,Indonesia,BankAccount,IDR,B2B
326,Bank Index,Indonesia,BankAccount,IDR,C2C
326,Bank Index,Indonesia,BankAccount,IDR,B2C
259,Bank Jabar,Indonesia,BankAccount,IDR,B2C
259,Bank Jabar,Indonesia,BankAccount,IDR,B2B
259,Bank Jabar,Indonesia,BankAccount,IDR,C2C
302,Bank Jabar Syariah,Indonesia,BankAccount,IDR,C2C
302,Bank Jabar Syariah,Indonesia,BankAccount,IDR,B2C
302,Bank Jabar Syariah,Indonesia,BankAccount,IDR,B2B
264,Bank Jambi,Indonesia,BankAccount,IDR,C2C
264,Bank Jambi,Indonesia,BankAccount,IDR,B2C
264,Bank Jambi,Indonesia,BankAccount,IDR,B2B
306,Bank Jasa Jakarta,Indonesia,BankAccount,IDR,C2C
306,Bank Jasa Jakarta,Indonesia,BankAccount,IDR,B2B
306,Bank Jasa Jakarta,Indonesia,BankAccount,IDR,B2C
2392,Bank Jawa Barat,Indonesia,BankAccount,IDR,C2C
320,Bank Kesejahteraan Ekonomi,Indonesia,BankAccount,IDR,B2C
320,Bank Kesejahteraan Ekonomi,Indonesia,BankAccount,IDR,B2B
320,Bank Kesejahteraan Ekonomi,Indonesia,BankAccount,IDR,C2C
270,Bank Lampung,Indonesia,BankAccount,IDR,B2B
270,Bank Lampung,Indonesia,BankAccount,IDR,C2C
270,Bank Lampung,Indonesia,BankAccount,IDR,B2C
280,Bank Maluku,Indonesia,BankAccount,IDR,B2B
280,Bank Maluku,Indonesia,BankAccount,IDR,B2C
280,Bank Maluku,Indonesia,BankAccount,IDR,C2C
216,Bank Mandiri (persero) Pt,Indonesia,BankAccount,IDR,C2C
216,Bank Mandiri (persero) Pt,Indonesia,BankAccount,IDR,B2C
216,Bank Mandiri (persero) Pt,Indonesia,BankAccount,IDR,B2B
303,Bank Mega,Indonesia,BankAccount,IDR,B2C
303,Bank Mega,Indonesia,BankAccount,IDR,C2C
303,Bank Mega,Indonesia,BankAccount,IDR,B2B
288,Bank Mestika,Indonesia,BankAccount,IDR,B2C
288,Bank Mestika,Indonesia,BankAccount,IDR,C2C
288,Bank Mestika,Indonesia,BankAccount,IDR,B2B
289,Bank Metro Ekspress,Indonesia,BankAccount,IDR,C2C
3067,BANK MNC INTERNASIONAL (MNC BANK),Indonesia,BankAccount,IDR,C2C
287,Bank Muamalat,Indonesia,BankAccount,IDR,B2C
287,Bank Muamalat,Indonesia,BankAccount,IDR,C2C
287,Bank Muamalat,Indonesia,BankAccount,IDR,B2B
324,Bank Multiarta Sentosa,Indonesia,BankAccount,IDR,C2C
267,Bank Nagari,Indonesia,BankAccount,IDR,B2C
267,Bank Nagari,Indonesia,BankAccount,IDR,B2B
267,Bank Nagari,Indonesia,BankAccount,IDR,C2C
313,Bank National NOBU,Indonesia,BankAccount,IDR,C2C
313,Bank National NOBU,Indonesia,BankAccount,IDR,B2B
313,Bank National NOBU,Indonesia,BankAccount,IDR,B2C
217,Bank Negara Indonesia Pt (persero),Indonesia,BankAccount,IDR,C2C
217,Bank Negara Indonesia Pt (persero),Indonesia,BankAccount,IDR,B2B
217,Bank Negara Indonesia Pt (persero),Indonesia,BankAccount,IDR,B2C
1396,Bank Negara Indonesia Syariah,Indonesia,BankAccount,IDR,B2B
1396,Bank Negara Indonesia Syariah,Indonesia,BankAccount,IDR,B2C
1396,Bank Negara Indonesia Syariah,Indonesia,BankAccount,IDR,C2C
277,Bank NTB,Indonesia,BankAccount,IDR,B2C
277,Bank NTB,Indonesia,BankAccount,IDR,C2C
277,Bank NTB,Indonesia,BankAccount,IDR,B2B
279,Bank NTT,Indonesia,BankAccount,IDR,C2C
279,Bank NTT,Indonesia,BankAccount,IDR,B2C
279,Bank NTT,Indonesia,BankAccount,IDR,B2B
285,Bank Nusantara Parahyangan,Indonesia,BankAccount,IDR,B2B
285,Bank Nusantara Parahyangan,Indonesia,BankAccount,IDR,C2C
285,Bank Nusantara Parahyangan,Indonesia,BankAccount,IDR,B2C
250,Bank Of China Jakarta Branch,Indonesia,BankAccount,IDR,B2B
250,Bank Of China Jakarta Branch,Indonesia,BankAccount,IDR,C2C
250,Bank Of China Jakarta Branch,Indonesia,BankAccount,IDR,B2C
235,Bank Of Tokyo Mitsubishi Ufj Ltd. The,Indonesia,BankAccount,IDR,B2B
235,Bank Of Tokyo Mitsubishi Ufj Ltd. The,Indonesia,BankAccount,IDR,B2C
235,Bank Of Tokyo Mitsubishi Ufj Ltd. The,Indonesia,BankAccount,IDR,C2C
316,Bank Panin Syariah,Indonesia,BankAccount,IDR,C2C
278,Bank Pembangunan Daerah Bali,Indonesia,BankAccount,IDR,B2B
278,Bank Pembangunan Daerah Bali,Indonesia,BankAccount,IDR,B2C
278,Bank Pembangunan Daerah Bali,Indonesia,BankAccount,IDR,C2C
1770,Bank Pembangunan Daerah Banten,Indonesia,BankAccount,IDR,B2C
1770,Bank Pembangunan Daerah Banten,Indonesia,BankAccount,IDR,B2B
1770,Bank Pembangunan Daerah Banten,Indonesia,BankAccount,IDR,C2C
273,Bank Pembangunan Daerah Kalimantan Timur,Indonesia,BankAccount,IDR,C2C
273,Bank Pembangunan Daerah Kalimantan Timur,Indonesia,BankAccount,IDR,B2C
273,Bank Pembangunan Daerah Kalimantan Timur,Indonesia,BankAccount,IDR,B2B
214,Bank Rakyat Indonesia,Indonesia,BankAccount,IDR,B2B
214,Bank Rakyat Indonesia,Indonesia,BankAccount,IDR,C2C
214,Bank Rakyat Indonesia,Indonesia,BankAccount,IDR,B2C
312,Bank Royal,Indonesia,BankAccount,IDR,B2C
312,Bank Royal,Indonesia,BankAccount,IDR,B2B
312,Bank Royal,Indonesia,BankAccount,IDR,C2C
318,Bank Sahabat Sampoerna,Indonesia,BankAccount,IDR,B2B
318,Bank Sahabat Sampoerna,Indonesia,BankAccount,IDR,B2C
318,Bank Sahabat Sampoerna,Indonesia,BankAccount,IDR,C2C
311,Bank Sbi Indonesia,Indonesia,BankAccount,IDR,C2C
311,Bank Sbi Indonesia,Indonesia,BankAccount,IDR,B2B
311,Bank Sbi Indonesia,Indonesia,BankAccount,IDR,B2C
290,Bank Sinarmas,Indonesia,BankAccount,IDR,B2C
290,Bank Sinarmas,Indonesia,BankAccount,IDR,B2B
290,Bank Sinarmas,Indonesia,BankAccount,IDR,C2C
284,Bank Sultra,Indonesia,BankAccount,IDR,B2C
284,Bank Sultra,Indonesia,BankAccount,IDR,C2C
284,Bank Sultra,Indonesia,BankAccount,IDR,B2B
276,Bank Sulut,Indonesia,BankAccount,IDR,C2C
276,Bank Sulut,Indonesia,BankAccount,IDR,B2B
276,Bank Sulut,Indonesia,BankAccount,IDR,B2C
286,Bank Swadesi,Indonesia,BankAccount,IDR,C2C
317,Bank Syariah Bukopin,Indonesia,BankAccount,IDR,C2C
305,Bank Syariah Mandiri,Indonesia,BankAccount,IDR,B2B
305,Bank Syariah Mandiri,Indonesia,BankAccount,IDR,B2C
305,Bank Syariah Mandiri,Indonesia,BankAccount,IDR,C2C
314,Bank Syariah Mega Indonesia,Indonesia,BankAccount,IDR,B2B
314,Bank Syariah Mega Indonesia,Indonesia,BankAccount,IDR,B2C
314,Bank Syariah Mega Indonesia,Indonesia,BankAccount,IDR,C2C
298,Bank Tabungan Negara,Indonesia,BankAccount,IDR,B2C
298,Bank Tabungan Negara,Indonesia,BankAccount,IDR,B2B
298,Bank Tabungan Negara,Indonesia,BankAccount,IDR,C2C
294,Bank Windu Kentjana,Indonesia,BankAccount,IDR,C2C
249,Bank Woori Indonesia,Indonesia,BankAccount,IDR,C2C
299,Bank Woori Saudara,Indonesia,BankAccount,IDR,B2C
299,Bank Woori Saudara,Indonesia,BankAccount,IDR,C2C
299,Bank Woori Saudara,Indonesia,BankAccount,IDR,B2B
309,Bank Yudha Bhakti,Indonesia,BankAccount,IDR,C2C
262,BPD Jateng,Indonesia,BankAccount,IDR,B2C
262,BPD Jateng,Indonesia,BankAccount,IDR,C2C
262,BPD Jateng,Indonesia,BankAccount,IDR,B2B
272,BPD Kalbar,Indonesia,BankAccount,IDR,B2B
272,BPD Kalbar,Indonesia,BankAccount,IDR,C2C
272,BPD Kalbar,Indonesia,BankAccount,IDR,B2C
271,BPD Kalsel,Indonesia,BankAccount,IDR,B2B
271,BPD Kalsel,Indonesia,BankAccount,IDR,C2C
271,BPD Kalsel,Indonesia,BankAccount,IDR,B2C
275,BPD Sulsel,Indonesia,BankAccount,IDR,C2C
275,BPD Sulsel,Indonesia,BankAccount,IDR,B2C
275,BPD Sulsel,Indonesia,BankAccount,IDR,B2B
283,BPD Sulteng,Indonesia,BankAccount,IDR,C2C
283,BPD Sulteng,Indonesia,BankAccount,IDR,B2B
283,BPD Sulteng,Indonesia,BankAccount,IDR,B2C
269,BPD Sumsel,Indonesia,BankAccount,IDR,C2C
269,BPD Sumsel,Indonesia,BankAccount,IDR,B2B
269,BPD Sumsel,Indonesia,BankAccount,IDR,B2C
331,BPR LSB,Indonesia,BankAccount,IDR,C2C
300,BTPN,Indonesia,BankAccount,IDR,B2B
300,BTPN,Indonesia,BankAccount,IDR,C2C
300,BTPN,Indonesia,BankAccount,IDR,B2C
328,Centra Tama Nasional,Indonesia,BankAccount,IDR,C2C
228,Citibank N.a.,Indonesia,BankAccount,IDR,B2B
228,Citibank N.a.,Indonesia,BankAccount,IDR,B2C
228,Citibank N.a.,Indonesia,BankAccount,IDR,C2C
234,Hongkong And Shanghai Banking Corporation Limited The,Indonesia,BankAccount,IDR,B2C
234,Hongkong And Shanghai Banking Corporation Limited The,Indonesia,BankAccount,IDR,C2C
234,Hongkong And Shanghai Banking Corporation Limited The,Indonesia,BankAccount,IDR,B2B
257,Jtrust Bank,Indonesia,BankAccount,IDR,C2C
297,Kesawan,Indonesia,BankAccount,IDR,B2B
297,Kesawan,Indonesia,BankAccount,IDR,C2C
297,Kesawan,Indonesia,BankAccount,IDR,B2C
336,Maybank,Indonesia,BankAccount,IDR,B2B
336,Maybank,Indonesia,BankAccount,IDR,B2C
336,Maybank,Indonesia,BankAccount,IDR,C2C
222,Panin Capital Pt,Indonesia,BankAccount,IDR,C2C
222,Panin Capital Pt,Indonesia,BankAccount,IDR,B2C
222,Panin Capital Pt,Indonesia,BankAccount,IDR,B2B
3078,PRIMA MASTER BANK,Indonesia,BankAccount,IDR,C2C
251,Pt Bank Bumi Arta Tbk,Indonesia,BankAccount,IDR,B2C
251,Pt Bank Bumi Arta Tbk,Indonesia,BankAccount,IDR,B2B
251,Pt Bank Bumi Arta Tbk,Indonesia,BankAccount,IDR,C2C
223,Pt. Bank Cimb Niaga Tbk.,Indonesia,BankAccount,IDR,B2C
223,Pt. Bank Cimb Niaga Tbk.,Indonesia,BankAccount,IDR,C2C
223,Pt. Bank Cimb Niaga Tbk.,Indonesia,BankAccount,IDR,B2B
218,Pt. Bank Danamon Indonesia Tbk,Indonesia,BankAccount,IDR,B2B
218,Pt. Bank Danamon Indonesia Tbk,Indonesia,BankAccount,IDR,C2C
218,Pt. Bank Danamon Indonesia Tbk,Indonesia,BankAccount,IDR,B2C
1768,PT Bank ICBC Indonesia,Indonesia,BankAccount,IDR,B2C
1768,PT Bank ICBC Indonesia,Indonesia,BankAccount,IDR,C2C
263,Pt. Bank Jatim,Indonesia,BankAccount,IDR,C2C
263,Pt. Bank Jatim,Indonesia,BankAccount,IDR,B2C
263,Pt. Bank Jatim,Indonesia,BankAccount,IDR,B2B
291,Pt Bank Maspion Indonesia,Indonesia,BankAccount,IDR,B2B
291,Pt Bank Maspion Indonesia,Indonesia,BankAccount,IDR,C2C
291,Pt Bank Maspion Indonesia,Indonesia,BankAccount,IDR,B2C
258,Pt. Bank Mayapada International Tbk,Indonesia,BankAccount,IDR,B2C
258,Pt. Bank Mayapada International Tbk,Indonesia,BankAccount,IDR,C2C
258,Pt. Bank Mayapada International Tbk,Indonesia,BankAccount,IDR,B2B
325,Pt. Bank Mayora,Indonesia,BankAccount,IDR,B2B
325,Pt. Bank Mayora,Indonesia,BankAccount,IDR,B2C
325,Pt. Bank Mayora,Indonesia,BankAccount,IDR,C2C
226,Pt Bank Ocbc Nisp Tbk,Indonesia,BankAccount,IDR,B2C
226,Pt Bank Ocbc Nisp Tbk,Indonesia,BankAccount,IDR,B2B
226,Pt Bank Ocbc Nisp Tbk,Indonesia,BankAccount,IDR,C2C
219,Pt Bank Permata Tbk,Indonesia,BankAccount,IDR,C2C
219,Pt Bank Permata Tbk,Indonesia,BankAccount,IDR,B2C
219,Pt Bank Permata Tbk,Indonesia,BankAccount,IDR,B2B
266,Pt. Bank Sumut,Indonesia,BankAccount,IDR,B2B
266,Pt. Bank Sumut,Indonesia,BankAccount,IDR,C2C
266,Pt. Bank Sumut,Indonesia,BankAccount,IDR,B2C
244,PT Bank UOB Indonesia,Indonesia,BankAccount,IDR,C2C
244,PT Bank UOB Indonesia,Indonesia,BankAccount,IDR,B2C
244,PT Bank UOB Indonesia,Indonesia,BankAccount,IDR,B2B
329,Pt. Bank Victoria Internasional Tbk,Indonesia,BankAccount,IDR,C2C
329,Pt. Bank Victoria Internasional Tbk,Indonesia,BankAccount,IDR,B2C
329,Pt. Bank Victoria Internasional Tbk,Indonesia,BankAccount,IDR,B2B
240,Standard Chartered Bank,Indonesia,BankAccount,IDR,B2C
240,Standard Chartered Bank,Indonesia,BankAccount,IDR,B2B
240,Standard Chartered Bank,Indonesia,BankAccount,IDR,C2C
2001,All Banks Ireland / EUR / Payment System: SEPA,Ireland,BankAccount,EUR,C2C
2000,All Banks Italy / EUR / Payment System: SEPA,Italy,BankAccount,EUR,C2C
1989,All Banks Latvia / EUR / Payment System: SEPA,Latvia,BankAccount,EUR,C2C
2833,All Banks Liechtenstein / EUR / Payment System: SEPA,Liechtenstein,BankAccount,EUR,C2C
1999,All Banks Lithuania / EUR / Payment System: SEPA,Lithuania,BankAccount,EUR,C2C
1998,All Banks Luxembourg / EUR / Payment System: SEPA,Luxembourg,BankAccount,EUR,C2C
405,Airtel Money,Malawi,MobileWallet,MWK,C2C
2133,ABRAR DISCOUNT BERHAD,Malaysia,BankAccount,MYR,B2C
2133,ABRAR DISCOUNT BERHAD,Malaysia,BankAccount,MYR,B2B
2133,ABRAR DISCOUNT BERHAD,Malaysia,BankAccount,MYR,C2C
991,Affin Bank Berhad,Malaysia,BankAccount,MYR,B2C
991,Affin Bank Berhad,Malaysia,BankAccount,MYR,B2B
991,Affin Bank Berhad,Malaysia,BankAccount,MYR,C2C
2122,AFFIN INVESTMENT BANK BERHAD,Malaysia,BankAccount,MYR,B2B
2122,AFFIN INVESTMENT BANK BERHAD,Malaysia,BankAccount,MYR,B2C
2122,AFFIN INVESTMENT BANK BERHAD,Malaysia,BankAccount,MYR,C2C
2140,AFFIN ISLAMIC BANK BERHAD,Malaysia,BankAccount,MYR,C2C
2140,AFFIN ISLAMIC BANK BERHAD,Malaysia,BankAccount,MYR,B2B
2140,AFFIN ISLAMIC BANK BERHAD,Malaysia,BankAccount,MYR,B2C
2030,AGROBANK ISLAMIC,Malaysia,BankAccount,MYR,B2C
2030,AGROBANK ISLAMIC,Malaysia,BankAccount,MYR,B2B
2030,AGROBANK ISLAMIC,Malaysia,BankAccount,MYR,C2C
992,Alliance Bank Malaysia Berhad,Malaysia,BankAccount,MYR,B2C
992,Alliance Bank Malaysia Berhad,Malaysia,BankAccount,MYR,C2C
992,Alliance Bank Malaysia Berhad,Malaysia,BankAccount,MYR,B2B
2123,ALLIANCE INVESTMENT BANK BERHAD,Malaysia,BankAccount,MYR,C2C
2123,ALLIANCE INVESTMENT BANK BERHAD,Malaysia,BankAccount,MYR,B2B
2123,ALLIANCE INVESTMENT BANK BERHAD,Malaysia,BankAccount,MYR,B2C
2139,ALLIANCE ISLAMIC BANK BERHAD,Malaysia,BankAccount,MYR,B2C
2139,ALLIANCE ISLAMIC BANK BERHAD,Malaysia,BankAccount,MYR,B2B
2139,ALLIANCE ISLAMIC BANK BERHAD,Malaysia,BankAccount,MYR,C2C
2032,AL RAJHI BANKING AND INVESTMENT CORPORATION (MALAYSIA) BHD,Malaysia,BankAccount,MYR,B2B
2032,AL RAJHI BANKING AND INVESTMENT CORPORATION (MALAYSIA) BHD,Malaysia,BankAccount,MYR,C2C
2032,AL RAJHI BANKING AND INVESTMENT CORPORATION (MALAYSIA) BHD,Malaysia,BankAccount,MYR,B2C
993,AmBank (M) Berhad,Malaysia,BankAccount,MYR,B2C
993,AmBank (M) Berhad,Malaysia,BankAccount,MYR,B2B
993,AmBank (M) Berhad,Malaysia,BankAccount,MYR,C2C
2124,AMINVESTMENT BANK BERHAD,Malaysia,BankAccount,MYR,B2B
2124,AMINVESTMENT BANK BERHAD,Malaysia,BankAccount,MYR,C2C
2124,AMINVESTMENT BANK BERHAD,Malaysia,BankAccount,MYR,B2C
2113,AMISLAMIC BANK BERHAD,Malaysia,BankAccount,MYR,C2C
2113,AMISLAMIC BANK BERHAD,Malaysia,BankAccount,MYR,B2C
2113,AMISLAMIC BANK BERHAD,Malaysia,BankAccount,MYR,B2B
2137,ASIAN FINANCE BANK BERHAD,Malaysia,BankAccount,MYR,B2B
2137,ASIAN FINANCE BANK BERHAD,Malaysia,BankAccount,MYR,B2C
2137,ASIAN FINANCE BANK BERHAD,Malaysia,BankAccount,MYR,C2C
2115,BANGKOK BANK BERHAD,Malaysia,BankAccount,MYR,C2C
2115,BANGKOK BANK BERHAD,Malaysia,BankAccount,MYR,B2C
2115,BANGKOK BANK BERHAD,Malaysia,BankAccount,MYR,B2B
2035,BANK ISLAM MALAYSIA BERHAD,Malaysia,BankAccount,MYR,B2B
2035,BANK ISLAM MALAYSIA BERHAD,Malaysia,BankAccount,MYR,B2C
2035,BANK ISLAM MALAYSIA BERHAD,Malaysia,BankAccount,MYR,C2C
2036,BANK KERJASAMA RAKYAT MALAYSIA BERHAD (BANK RAKYAT),Malaysia,BankAccount,MYR,B2C
2036,BANK KERJASAMA RAKYAT MALAYSIA BERHAD (BANK RAKYAT),Malaysia,BankAccount,MYR,C2C
2036,BANK KERJASAMA RAKYAT MALAYSIA BERHAD (BANK RAKYAT),Malaysia,BankAccount,MYR,B2B
2037,BANK MUAMALAT MALAYSIA BERHAD (6175-W),Malaysia,BankAccount,MYR,B2C
2037,BANK MUAMALAT MALAYSIA BERHAD (6175-W),Malaysia,BankAccount,MYR,C2C
2037,BANK MUAMALAT MALAYSIA BERHAD (6175-W),Malaysia,BankAccount,MYR,B2B
2038,"BANK OF AMERICA, MALAYSIA BERHAD",Malaysia,BankAccount,MYR,B2C
2038,"BANK OF AMERICA, MALAYSIA BERHAD",Malaysia,BankAccount,MYR,C2C
2038,"BANK OF AMERICA, MALAYSIA BERHAD",Malaysia,BankAccount,MYR,B2B
2039,BANK OF CHINA (MALAYSIA) BERHAD,Malaysia,BankAccount,MYR,C2C
2039,BANK OF CHINA (MALAYSIA) BERHAD,Malaysia,BankAccount,MYR,B2C
2039,BANK OF CHINA (MALAYSIA) BERHAD,Malaysia,BankAccount,MYR,B2B
2040,BANK OF NOVA SCOTIA BERHAD,Malaysia,BankAccount,MYR,B2B
2040,BANK OF NOVA SCOTIA BERHAD,Malaysia,BankAccount,MYR,C2C
2040,BANK OF NOVA SCOTIA BERHAD,Malaysia,BankAccount,MYR,B2C
2041,BANK OF TOKYO-MITSUBISHI UFJ (MALAYSIA) BERHAD,Malaysia,BankAccount,MYR,B2C
2041,BANK OF TOKYO-MITSUBISHI UFJ (MALAYSIA) BERHAD,Malaysia,BankAccount,MYR,B2B
2041,BANK OF TOKYO-MITSUBISHI UFJ (MALAYSIA) BERHAD,Malaysia,BankAccount,MYR,C2C
2141,BANK PEMBANGUNAN (M) BHD,Malaysia,BankAccount,MYR,B2B
2141,BANK PEMBANGUNAN (M) BHD,Malaysia,BankAccount,MYR,C2C
2141,BANK PEMBANGUNAN (M) BHD,Malaysia,BankAccount,MYR,B2C
2042,BANK PERTANIAN MALAYSIA BERHAD - RENTAS SPI,Malaysia,BankAccount,MYR,B2C
2042,BANK PERTANIAN MALAYSIA BERHAD - RENTAS SPI,Malaysia,BankAccount,MYR,C2C
2042,BANK PERTANIAN MALAYSIA BERHAD - RENTAS SPI,Malaysia,BankAccount,MYR,B2B
2043,BANK SIMPANAN NASIONAL,Malaysia,BankAccount,MYR,B2B
2043,BANK SIMPANAN NASIONAL,Malaysia,BankAccount,MYR,C2C
2043,BANK SIMPANAN NASIONAL,Malaysia,BankAccount,MYR,B2C
2044,BNP PARIBAS MALAYSIA BERHAD,Malaysia,BankAccount,MYR,B2C
2044,BNP PARIBAS MALAYSIA BERHAD,Malaysia,BankAccount,MYR,B2B
2044,BNP PARIBAS MALAYSIA BERHAD,Malaysia,BankAccount,MYR,C2C
2134,CAGAMAS SDN BHD,Malaysia,BankAccount,MYR,B2C
2134,CAGAMAS SDN BHD,Malaysia,BankAccount,MYR,B2B
2134,CAGAMAS SDN BHD,Malaysia,BankAccount,MYR,C2C
994,CIMB Bank Berhad,Malaysia,BankAccount,MYR,C2C
994,CIMB Bank Berhad,Malaysia,BankAccount,MYR,B2C
994,CIMB Bank Berhad,Malaysia,BankAccount,MYR,B2B
2125,CIMB INVESTMENT BANK BERHAD,Malaysia,BankAccount,MYR,B2B
2125,CIMB INVESTMENT BANK BERHAD,Malaysia,BankAccount,MYR,B2C
2125,CIMB INVESTMENT BANK BERHAD,Malaysia,BankAccount,MYR,C2C
2105,CIMB ISLAMIC BANK BERHAD,Malaysia,BankAccount,MYR,B2C
2105,CIMB ISLAMIC BANK BERHAD,Malaysia,BankAccount,MYR,B2B
2105,CIMB ISLAMIC BANK BERHAD,Malaysia,BankAccount,MYR,C2C
986,Citibank Berhad,Malaysia,BankAccount,MYR,B2B
986,Citibank Berhad,Malaysia,BankAccount,MYR,B2C
986,Citibank Berhad,Malaysia,BankAccount,MYR,C2C
2047,DEUTSCHE BANK (MALAYSIA) BERHAD,Malaysia,BankAccount,MYR,C2C
2047,DEUTSCHE BANK (MALAYSIA) BERHAD,Malaysia,BankAccount,MYR,B2C
2047,DEUTSCHE BANK (MALAYSIA) BERHAD,Malaysia,BankAccount,MYR,B2B
2135,ECM LIBRA AVENUE SEC,Malaysia,BankAccount,MYR,C2C
2135,ECM LIBRA AVENUE SEC,Malaysia,BankAccount,MYR,B2C
2135,ECM LIBRA AVENUE SEC,Malaysia,BankAccount,MYR,B2B
2117,EON BANK BERHAD,Malaysia,BankAccount,MYR,B2B
2117,EON BANK BERHAD,Malaysia,BankAccount,MYR,C2C
2117,EON BANK BERHAD,Malaysia,BankAccount,MYR,B2C
2119,EXPORT IMPORT BANK BERHAD,Malaysia,BankAccount,MYR,B2C
2119,EXPORT IMPORT BANK BERHAD,Malaysia,BankAccount,MYR,B2B
2119,EXPORT IMPORT BANK BERHAD,Malaysia,BankAccount,MYR,C2C
995,Hong Leong Bank Berhad,Malaysia,BankAccount,MYR,B2C
995,Hong Leong Bank Berhad,Malaysia,BankAccount,MYR,B2B
995,Hong Leong Bank Berhad,Malaysia,BankAccount,MYR,C2C
2128,HONG LEONG INVESTMENT BANK BERHAD,Malaysia,BankAccount,MYR,C2C
2128,HONG LEONG INVESTMENT BANK BERHAD,Malaysia,BankAccount,MYR,B2C
2128,HONG LEONG INVESTMENT BANK BERHAD,Malaysia,BankAccount,MYR,B2B
2106,HONG LEONG ISLAMIC BANK BERHAD,Malaysia,BankAccount,MYR,B2C
2106,HONG LEONG ISLAMIC BANK BERHAD,Malaysia,BankAccount,MYR,C2C
2106,HONG LEONG ISLAMIC BANK BERHAD,Malaysia,BankAccount,MYR,B2B
987,HSBC Bank Malaysia Berhad,Malaysia,BankAccount,MYR,B2C
987,HSBC Bank Malaysia Berhad,Malaysia,BankAccount,MYR,C2C
987,HSBC Bank Malaysia Berhad,Malaysia,BankAccount,MYR,B2B
2129,HWANG DBS INVESTMENT BANK BERHAD,Malaysia,BankAccount,MYR,B2B
2129,HWANG DBS INVESTMENT BANK BERHAD,Malaysia,BankAccount,MYR,B2C
2129,HWANG DBS INVESTMENT BANK BERHAD,Malaysia,BankAccount,MYR,C2C
2121,INDIA INTERNATIONAL BANK (MALAYSIA) BERHAD,Malaysia,BankAccount,MYR,B2B
2121,INDIA INTERNATIONAL BANK (MALAYSIA) BERHAD,Malaysia,BankAccount,MYR,C2C
2121,INDIA INTERNATIONAL BANK (MALAYSIA) BERHAD,Malaysia,BankAccount,MYR,B2C
2050,INDUSTRIAL AND COMMERCIAL BANK OF CHINA (MALAYSIA) BERHAD,Malaysia,BankAccount,MYR,C2C
2050,INDUSTRIAL AND COMMERCIAL BANK OF CHINA (MALAYSIA) BERHAD,Malaysia,BankAccount,MYR,B2C
2050,INDUSTRIAL AND COMMERCIAL BANK OF CHINA (MALAYSIA) BERHAD,Malaysia,BankAccount,MYR,B2B
2051,"JP MORGAN CHASE BANK, NA LABUAN BRANCH",Malaysia,BankAccount,MYR,C2C
2051,"JP MORGAN CHASE BANK, NA LABUAN BRANCH",Malaysia,BankAccount,MYR,B2C
2051,"JP MORGAN CHASE BANK, NA LABUAN BRANCH",Malaysia,BankAccount,MYR,B2B
2132,KAF INVESTMENT BANK BERHAD,Malaysia,BankAccount,MYR,B2B
2132,KAF INVESTMENT BANK BERHAD,Malaysia,BankAccount,MYR,B2C
2132,KAF INVESTMENT BANK BERHAD,Malaysia,BankAccount,MYR,C2C
2130,KENANGA INVESTMENT BANK BERHAD,Malaysia,BankAccount,MYR,C2C
2130,KENANGA INVESTMENT BANK BERHAD,Malaysia,BankAccount,MYR,B2C
2130,KENANGA INVESTMENT BANK BERHAD,Malaysia,BankAccount,MYR,B2B
2136,KUMPULAN WANG SIMPANAN PEKERJA,Malaysia,BankAccount,MYR,B2C
2136,KUMPULAN WANG SIMPANAN PEKERJA,Malaysia,BankAccount,MYR,B2B
2136,KUMPULAN WANG SIMPANAN PEKERJA,Malaysia,BankAccount,MYR,C2C
2052,KUWAIT FINANCE HOUSE (MALAYSIA) BERHAD,Malaysia,BankAccount,MYR,C2C
2052,KUWAIT FINANCE HOUSE (MALAYSIA) BERHAD,Malaysia,BankAccount,MYR,B2C
2052,KUWAIT FINANCE HOUSE (MALAYSIA) BERHAD,Malaysia,BankAccount,MYR,B2B
996,Malayan Banking Berhad,Malaysia,BankAccount,MYR,B2B
996,Malayan Banking Berhad,Malaysia,BankAccount,MYR,C2C
996,Malayan Banking Berhad,Malaysia,BankAccount,MYR,B2C
2118,MALAYSIAN ELECTRONIC PAYMENT SYSTEM SYSTEM SDN BHD,Malaysia,BankAccount,MYR,B2B
2118,MALAYSIAN ELECTRONIC PAYMENT SYSTEM SYSTEM SDN BHD,Malaysia,BankAccount,MYR,B2C
2118,MALAYSIAN ELECTRONIC PAYMENT SYSTEM SYSTEM SDN BHD,Malaysia,BankAccount,MYR,C2C
2110,MAYBANK INVESTMENT BANK BERHAD,Malaysia,BankAccount,MYR,B2B
2110,MAYBANK INVESTMENT BANK BERHAD,Malaysia,BankAccount,MYR,B2C
2110,MAYBANK INVESTMENT BANK BERHAD,Malaysia,BankAccount,MYR,C2C
2107,MAYBANK ISLAMIC BERHAD,Malaysia,BankAccount,MYR,B2B
2107,MAYBANK ISLAMIC BERHAD,Malaysia,BankAccount,MYR,C2C
2107,MAYBANK ISLAMIC BERHAD,Malaysia,BankAccount,MYR,B2C
2111,MIDF AMANAH INVESTMENT BANK BERHAD,Malaysia,BankAccount,MYR,B2C
2111,MIDF AMANAH INVESTMENT BANK BERHAD,Malaysia,BankAccount,MYR,B2B
2111,MIDF AMANAH INVESTMENT BANK BERHAD,Malaysia,BankAccount,MYR,C2C
2131,MIMB INVESTMENT BANK BERHAD,Malaysia,BankAccount,MYR,C2C
2131,MIMB INVESTMENT BANK BERHAD,Malaysia,BankAccount,MYR,B2B
2131,MIMB INVESTMENT BANK BERHAD,Malaysia,BankAccount,MYR,B2C
2054,MIZUHO BANK (MALAYSIA) BERHAD,Malaysia,BankAccount,MYR,C2C
2054,MIZUHO BANK (MALAYSIA) BERHAD,Malaysia,BankAccount,MYR,B2C
2054,MIZUHO BANK (MALAYSIA) BERHAD,Malaysia,BankAccount,MYR,B2B
2138,MIZUHO CORPORATE BANK (MALAYSIA) BERHAD,Malaysia,BankAccount,MYR,B2B
2138,MIZUHO CORPORATE BANK (MALAYSIA) BERHAD,Malaysia,BankAccount,MYR,C2C
2138,MIZUHO CORPORATE BANK (MALAYSIA) BERHAD,Malaysia,BankAccount,MYR,B2C
2104,OCBC AL-AMIN BANK BERHAD,Malaysia,BankAccount,MYR,B2B
2104,OCBC AL-AMIN BANK BERHAD,Malaysia,BankAccount,MYR,B2C
2104,OCBC AL-AMIN BANK BERHAD,Malaysia,BankAccount,MYR,C2C
988,OCBC Bank Berhad,Malaysia,BankAccount,MYR,B2B
988,OCBC Bank Berhad,Malaysia,BankAccount,MYR,C2C
2112,OSK INVESTMENT BANK BERHAD,Malaysia,BankAccount,MYR,B2B
2112,OSK INVESTMENT BANK BERHAD,Malaysia,BankAccount,MYR,C2C
2112,OSK INVESTMENT BANK BERHAD,Malaysia,BankAccount,MYR,B2C
997,Public Bank Berhad,Malaysia,BankAccount,MYR,C2C
997,Public Bank Berhad,Malaysia,BankAccount,MYR,B2C
997,Public Bank Berhad,Malaysia,BankAccount,MYR,B2B
2126,PUBLIC INVESTMENT BANK BERHAD,Malaysia,BankAccount,MYR,B2B
2126,PUBLIC INVESTMENT BANK BERHAD,Malaysia,BankAccount,MYR,C2C
2126,PUBLIC INVESTMENT BANK BERHAD,Malaysia,BankAccount,MYR,B2C
2108,PUBLIC ISLAMIC BANK BERHAD,Malaysia,BankAccount,MYR,B2C
2108,PUBLIC ISLAMIC BANK BERHAD,Malaysia,BankAccount,MYR,B2B
2108,PUBLIC ISLAMIC BANK BERHAD,Malaysia,BankAccount,MYR,C2C
998,RHB Bank Berhad,Malaysia,BankAccount,MYR,B2B
998,RHB Bank Berhad,Malaysia,BankAccount,MYR,B2C
998,RHB Bank Berhad,Malaysia,BankAccount,MYR,C2C
2127,RHB INVESTMENT BANK BERHAD,Malaysia,BankAccount,MYR,C2C
2127,RHB INVESTMENT BANK BERHAD,Malaysia,BankAccount,MYR,B2C
2127,RHB INVESTMENT BANK BERHAD,Malaysia,BankAccount,MYR,B2B
2109,RHB ISLAMIC BANK BERHAD,Malaysia,BankAccount,MYR,B2C
2109,RHB ISLAMIC BANK BERHAD,Malaysia,BankAccount,MYR,B2B
2109,RHB ISLAMIC BANK BERHAD,Malaysia,BankAccount,MYR,C2C
2103,SME BANK,Malaysia,BankAccount,MYR,B2B
2103,SME BANK,Malaysia,BankAccount,MYR,C2C
2103,SME BANK,Malaysia,BankAccount,MYR,B2C
989,Standard Chartered Bank Malaysia Berhad,Malaysia,BankAccount,MYR,C2C
989,Standard Chartered Bank Malaysia Berhad,Malaysia,BankAccount,MYR,B2C
989,Standard Chartered Bank Malaysia Berhad,Malaysia,BankAccount,MYR,B2B
2114,STANDARD CHARTERED SAADIQ BERHAD,Malaysia,BankAccount,MYR,C2C
2114,STANDARD CHARTERED SAADIQ BERHAD,Malaysia,BankAccount,MYR,B2B
2114,STANDARD CHARTERED SAADIQ BERHAD,Malaysia,BankAccount,MYR,B2C
2120,SUMITOMO MITSUI BANK BERHAD,Malaysia,BankAccount,MYR,C2C
2120,SUMITOMO MITSUI BANK BERHAD,Malaysia,BankAccount,MYR,B2C
2120,SUMITOMO MITSUI BANK BERHAD,Malaysia,BankAccount,MYR,B2B
2059,SUMITOMO MITSUI BANKING CORPORATION MALAYSIA BERHAD,Malaysia,BankAccount,MYR,B2C
2059,SUMITOMO MITSUI BANKING CORPORATION MALAYSIA BERHAD,Malaysia,BankAccount,MYR,B2B
2059,SUMITOMO MITSUI BANKING CORPORATION MALAYSIA BERHAD,Malaysia,BankAccount,MYR,C2C
2116,THE BANK OF NOVA SCOTIA BERHAD,Malaysia,BankAccount,MYR,B2B
2116,THE BANK OF NOVA SCOTIA BERHAD,Malaysia,BankAccount,MYR,C2C
2116,THE BANK OF NOVA SCOTIA BERHAD,Malaysia,BankAccount,MYR,B2C
2060,THE ROYAL BANK OF SCOTLAND BERHAD (301932-A),Malaysia,BankAccount,MYR,B2B
2060,THE ROYAL BANK OF SCOTLAND BERHAD (301932-A),Malaysia,BankAccount,MYR,B2C
2060,THE ROYAL BANK OF SCOTLAND BERHAD (301932-A),Malaysia,BankAccount,MYR,C2C
990,United Overseas Bank Berhad,Malaysia,BankAccount,MYR,C2C
990,United Overseas Bank Berhad,Malaysia,BankAccount,MYR,B2B
1997,All Banks Malta / EUR / Payment System: SEPA,Malta,BankAccount,EUR,C2C
1996,All Banks Monaco / EUR / Payment System: SEPA,Monaco,BankAccount,EUR,C2C
1995,All Banks Netherlands / EUR / Payment System: SEPA,Netherlands,BankAccount,EUR,C2C
26,Access Bank PLC,Nigeria,BankAccount,NGN,B2C
26,Access Bank PLC,Nigeria,BankAccount,NGN,C2C
26,Access Bank PLC,Nigeria,BankAccount,NGN,B2B
28,First Bank Of Nigeria PLC,Nigeria,BankAccount,NGN,B2B
28,First Bank Of Nigeria PLC,Nigeria,BankAccount,NGN,C2C
25,Guaranty Trust Bank PLC,Nigeria,BankAccount,NGN,C2C
20,Polaris Bank PLC,Nigeria,BankAccount,NGN,C2C
2575,Access Mobile,Nigeria,MobileWallet,NGN,C2C
2563,Eartholeum,Nigeria,MobileWallet,NGN,C2C
2580,Ecobank Xpress Account,Nigeria,MobileWallet,NGN,C2C
2557,EcoMobile,Nigeria,MobileWallet,NGN,C2C
2571,eTranzact,Nigeria,MobileWallet,NGN,C2C
2579,FBN Mobile,Nigeria,MobileWallet,NGN,C2C
2573,FCMB EASY MOBILE,Nigeria,MobileWallet,NGN,C2C
2572,FET,Nigeria,MobileWallet,NGN,C2C
2565,Fidelity Mobile,Nigeria,MobileWallet,NGN,C2C
2567,Fortis Mobile,Nigeria,MobileWallet,NGN,C2C
2562,GoMoney,Nigeria,MobileWallet,NGN,C2C
2577,GT Mobile,Nigeria,MobileWallet,NGN,C2C
2566,Hedonmark,Nigeria,MobileWallet,NGN,C2C
2558,Innovectives Kesh,Nigeria,MobileWallet,NGN,C2C
2568,Kegow,Nigeria,MobileWallet,NGN,C2C
2569,Mkudi,Nigeria,MobileWallet,NGN,C2C
2564,MoneyBox,Nigeria,MobileWallet,NGN,C2C
2556,NowNow,Nigeria,MobileWallet,NGN,C2C
2559,One Finance,Nigeria,MobileWallet,NGN,C2C
80,Paga Wallet,Nigeria,MobileWallet,NGN,C2C
2578,Parkway - ReadyCash,Nigeria,MobileWallet,NGN,C2C
2581,Paycom (OPay),Nigeria,MobileWallet,NGN,C2C
2582,Stanbic Mobile Money,Nigeria,MobileWallet,NGN,C2C
2561,TagPay,Nigeria,MobileWallet,NGN,C2C
2570,TeasyMobile,Nigeria,MobileWallet,NGN,C2C
2574,Tingg,Nigeria,MobileWallet,NGN,C2C
34,VCash,Nigeria,MobileWallet,NGN,C2C
2576,Zenith Mobile,Nigeria,MobileWallet,NGN,C2C
2560,Zinternet,Nigeria,MobileWallet,NGN,C2C
2834,All Banks Norway / EUR / Payment System: SEPA,Norway,BankAccount,EUR,C2C
2835,All Banks Poland / EUR / Payment System: SEPA,Poland,BankAccount,EUR,C2C
1994,All Banks Portugal / EUR / Payment System: SEPA,Portugal,BankAccount,EUR,C2C
2836,All Banks Romania / EUR / Payment System: SEPA,Romania,BankAccount,EUR,C2C
2854,AB Bank,Rwanda,BankAccount,RWF,C2C
2855,Access Bank,Rwanda,BankAccount,RWF,C2C
2856,Agaseke,Rwanda,BankAccount,RWF,C2C
2857,Bank Of Kigali,Rwanda,BankAccount,RWF,C2C
2858,Banque Populaire Du Rwanda,Rwanda,BankAccount,RWF,C2C
2859,Cogebank,Rwanda,BankAccount,RWF,C2C
2860,Crane Bank Rwanda,Rwanda,BankAccount,RWF,C2C
2861,Ecobank,Rwanda,BankAccount,RWF,C2C
2862,Equity Bank Rwanda Ltd,Rwanda,BankAccount,RWF,C2C
2863,Fina Bank,Rwanda,BankAccount,RWF,C2C
2864,Guarantee Trust Bank (Rwanda) Ltd,Rwanda,BankAccount,RWF,C2C
2865,I & M Bank,Rwanda,BankAccount,RWF,C2C
2866,KCB Rwanda,Rwanda,BankAccount,RWF,C2C
2867,National Bank Of Rwanda,Rwanda,BankAccount,RWF,C2C
2868,Paramount Universal Bank Limited,Rwanda,BankAccount,RWF,C2C
2869,Umwalimu Sacco,Rwanda,BankAccount,RWF,C2C
2870,Unguka Bank,Rwanda,BankAccount,RWF,C2C
2871,Urwego Opportunity Bank,Rwanda,BankAccount,RWF,C2C
2872,Zigama CSS,Rwanda,BankAccount,RWF,C2C
2909,Airtel Money,Rwanda,MobileWallet,RWF,C2C
2286,MTN Mobile Money,Rwanda,MobileWallet,RWF,C2C
1993,All Banks San Marino / EUR / Payment System: SEPA,San Marino,BankAccount,EUR,C2C
1449,Major Banks Senegal,Senegal,BankAccount,XOF,B2B
787,AUSTRALIA AND NEW ZEALAND BANKING GROUP LIMITED,Singapore,BankAccount,SGD,C2C
798,BANK OF CHINA LIMITED,Singapore,BankAccount,SGD,C2C
804,"BANK OF TOKYO-MITSUBISHI UFJ, LTD., THE",Singapore,BankAccount,SGD,C2C
807,BNP PARIBAS - SINGAPORE BRANCH,Singapore,BankAccount,SGD,C2C
823,CIMB BANK BERHAD,Singapore,BankAccount,SGD,C2C
825,"CITIBANK,N.A.",Singapore,BankAccount,SGD,C2C
824,CITIBANK SINGAPORE LTD,Singapore,BankAccount,SGD,C2C
840,DBS BANK LTD.,Singapore,BankAccount,SGD,C2C
843,DEUTSCHE BANK AG,Singapore,BankAccount,SGD,C2C
870,"HL BANK, SINGAPORE",Singapore,BankAccount,SGD,C2C
878,ICICI BANK LIMITED,Singapore,BankAccount,SGD,C2C
881,INDUSTRIAL AND COMMERCIAL BANK OF CHINA,Singapore,BankAccount,SGD,C2C
893,OVERSEA-CHINESE BANKING CORPORATION LIMITED,Singapore,BankAccount,SGD,C2C
902,RHB BANK BERHAD,Singapore,BankAccount,SGD,C2B
902,RHB BANK BERHAD,Singapore,BankAccount,SGD,B2B
902,RHB BANK BERHAD,Singapore,BankAccount,SGD,C2C
919,STANDARD CHARTERED BANK LIMITED,Singapore,BankAccount,SGD,C2C
922,SUMITOMO MITSUI BANKING CORPORATION,Singapore,BankAccount,SGD,C2C
946,UNITED OVERSEAS BANK LIMITED,Singapore,BankAccount,SGD,C2C
2080,Dummy - USD Rate ( Special ),Singapore,BankAccount,USD,C2C
1992,All Banks Slovakia / EUR / Payment System: SEPA,Slovakia,BankAccount,EUR,C2C
1991,All Banks Slovenia / EUR / Payment System: SEPA,Slovenia,BankAccount,EUR,C2C
2016,eDahab,Somalia,MobileWallet,USD,C2C
1990,All Banks Spain / EUR / Payment System: SEPA,Spain,BankAccount,EUR,C2C
2837,All Banks Sweden / EUR / Payment System: SEPA,Sweden,BankAccount,EUR,C2C
2839,All Banks Switzerland / EUR / Payment System: SEPA,Switzerland,BankAccount,EUR,C2C
9,M-Pesa,"Tanzania, United Republic of",MobileWallet,TZS,C2C
49,Bangkok Bank Public Company Limited,Thailand,BankAccount,THB,B2B
69,Bank for Agriculture and Agricultural Cooperatives,Thailand,BankAccount,THB,B2B
62,Bank of Ayudhya Public Company Limited,Thailand,BankAccount,THB,B2B
60,CIMB Thai Bank Public Company Limited,Thailand,BankAccount,THB,B2B
57,Citibank N.A.,Thailand,BankAccount,THB,C2B
57,Citibank N.A.,Thailand,BankAccount,THB,B2B
66,Government Saving Bank,Thailand,BankAccount,THB,B2B
72,Islamic Bank of Thailand,Thailand,BankAccount,THB,B2B
50,Kasikorn Bank Public Company Limited,Thailand,BankAccount,THB,B2B
75,Kiatnakin Bank Public Company Limited,Thailand,BankAccount,THB,B2B
52,Krung Thai Bank Public Company Limited,Thailand,BankAccount,THB,B2B
78,Land and Houses Bank Public Company Limited,Thailand,BankAccount,THB,B2B
70,Mizuho Corporate Bank Limited,Thailand,BankAccount,THB,B2B
55,Siam Commercial Bank Public Company Limited,Thailand,BankAccount,THB,B2B
59,Standard Chartered Bank (Thai) Public Company Limited,Thailand,BankAccount,THB,B2B
58,Sumitomo Mitsui Banking Corporation,Thailand,BankAccount,THB,B2B
71,Thanachart Bank Public Company Limited,Thailand,BankAccount,THB,B2B
77,The Thai Credit Retail Bank Public Company Limited,Thailand,BankAccount,THB,B2B
73,Tisco Bank Public Company Limited,Thailand,BankAccount,THB,B2B
54,TMB Bank Public Company Limited,Thailand,BankAccount,THB,B2B
61,United Overseas Bank (Thai) PCL,Thailand,BankAccount,THB,B2B
494,Airtel Money,Uganda,MobileWallet,UGX,C2C
495,MTN Mobile Money,Uganda,MobileWallet,UGX,C2C
1807,All Banks / GBR / UK Faster Payment,United Kingdom of Great Britain and Northern Ireland,BankAccount,GBP,C2C
2843,Airtel Money,Zambia,MobileWallet,ZMW,C2C
1771,MTN Mobile Money,Zambia,MobileWallet,ZMW,C2C
79,Ecocash,Zimbabwe,MobileWallet,USD,C2C