id,body,message,reference,status
238,"{""WorldRemitId"":""27932739"",""Reference"":""27932739"",""CorridorDetail"":{""RecipientCountryCodeIso2"":""KE"",""SettlementCurrencyCode"":""USD"",""RecipientCurrencyCode"":""KES"",""RecipientCountryDialCode"":""254"",""ApiCode"":""MPESA""},""ProductCode"":""MobileMoney"",""FinancialDetail"":{""SettlementAmount"":""14.061072""},""SenderDetail"":{""FirstName"":""Andrii"",""MiddleName"":""Ol"",""LastName"":""Borysenko""},""RecipientDetail"":{""MobileAccountNumber"":""254733000000"",""FirstName"":""Jomo"",""MiddleName"":""Test"",""LastName"":""Kiplimo""},""BankDetail"":{""bankName"":"""",""bankCode"":""""}}",DATA FROM PRODUCER,27932739,INITIALIZED
246,"{""WorldRemitId"":""27939359"",""Reference"":""27939359"",""CorridorDetail"":{""RecipientCountryCodeIso2"":""KE"",""SettlementCurrencyCode"":""KES"",""RecipientCurrencyCode"":""KES"",""RecipientCountryDialCode"":""254"",""ApiCode"":""MPESA""},""ProductCode"":""BankTransfer"",""FinancialDetail"":{""SettlementAmount"":""14.241732""},""SenderDetail"":{""FirstName"":""Andrii"",""MiddleName"":""Ol"",""LastName"":""Borysenko""},""RecipientDetail"":{""MobileAccountNumber"":""254722000000"",""FirstName"":""Jomo"",""MiddleName"":""Joshua"",""LastName"":""Kiplimo""},""BankDetail"":{""AccountNumber"":""0810197039302"",""BIC"":""EQBLKENA"",""bankName"":""EQUITY BANK LTD"",""bankCode"":""""}}",DATA FROM PRODUCER,27939359,INITIALIZED
268,"{""WorldRemitId"":""27941867"",""Reference"":""27941867"",""CorridorDetail"":{""RecipientCountryCodeIso2"":""KE"",""SettlementCurrencyCode"":""KES"",""RecipientCurrencyCode"":""KES"",""RecipientCountryDialCode"":""254"",""ApiCode"":""MPESA""},""ProductCode"":""BankTransfer"",""FinancialDetail"":{""SettlementAmount"":""14.241732""},""SenderDetail"":{""FirstName"":""Andrii"",""MiddleName"":""Ol"",""LastName"":""Borysenko""},""RecipientDetail"":{""MobileAccountNumber"":""254722000000"",""FirstName"":""Jomo"",""MiddleName"":""Joshua"",""LastName"":""Kiplimo""},""BankDetail"":{""AccountNumber"":""0810197039302"",""BIC"":""EQBLKENA"",""bankName"":""EQUITY BANK LTD"",""bankCode"":""""}}",DATA FROM PRODUCER,27941867,INITIALIZED
269,"{""WorldRemitId"":""27939758"",""Reference"":""27939758"",""CorridorDetail"":{""RecipientCountryCodeIso2"":""KE"",""SettlementCurrencyCode"":""KES"",""RecipientCurrencyCode"":""KES"",""RecipientCountryDialCode"":""254"",""ApiCode"":""MPESA""},""ProductCode"":""BankTransfer"",""FinancialDetail"":{""SettlementAmount"":""14.241732""},""SenderDetail"":{""FirstName"":""Andrii"",""MiddleName"":""Ol"",""LastName"":""Borysenko""},""RecipientDetail"":{""MobileAccountNumber"":""254722000000"",""FirstName"":""Jomo"",""MiddleName"":""Joshua"",""LastName"":""Kiplimo""},""BankDetail"":{""AccountNumber"":""0810197039302"",""BIC"":""EQBLKENA"",""bankName"":""EQUITY BANK LTD"",""bankCode"":""""}}",DATA FROM PRODUCER,27939758,INITIALIZED
302,"{""WorldRemitId"":""27942254"",""Reference"":""27942254"",""CorridorDetail"":{""RecipientCountryCodeIso2"":""KE"",""SettlementCurrencyCode"":""KES"",""RecipientCurrencyCode"":""KES"",""RecipientCountryDialCode"":""254"",""ApiCode"":""MPESA""},""ProductCode"":""BankTransfer"",""FinancialDetail"":{""SettlementAmount"":""14.241732""},""SenderDetail"":{""FirstName"":""Andrii"",""MiddleName"":""Ol"",""LastName"":""Borysenko""},""RecipientDetail"":{""MobileAccountNumber"":""254722000000"",""FirstName"":""Jomo"",""MiddleName"":""Joshua"",""LastName"":""Kiplimo""},""BankDetail"":{""AccountNumber"":""0810197039302"",""BIC"":""EQBLKENA"",""bankName"":""EQUITY BANK LTD"",""bankCode"":""""}}",DATA FROM PRODUCER,27942254,INITIALIZED
303,"{""WorldRemitId"":""27942300"",""Reference"":""27942300"",""CorridorDetail"":{""RecipientCountryCodeIso2"":""KE"",""SettlementCurrencyCode"":""KES"",""RecipientCurrencyCode"":""KES"",""RecipientCountryDialCode"":""254"",""ApiCode"":""MPESA""},""ProductCode"":""MobileMoney"",""FinancialDetail"":{""SettlementAmount"":""1526.470000""},""SenderDetail"":{""FirstName"":""Andrii"",""MiddleName"":""Ol"",""LastName"":""Borysenko""},""RecipientDetail"":{""MobileAccountNumber"":""254722000000"",""FirstName"":""Jomo"",""MiddleName"":""Joshua"",""LastName"":""Kiplimo""},""BankDetail"":{""bankName"":"""",""bankCode"":""""}}",DATA FROM PRODUCER,27942300,INITIALIZED
304,"{""WorldRemitId"":""27942298"",""Reference"":""27942298"",""CorridorDetail"":{""RecipientCountryCodeIso2"":""KE"",""SettlementCurrencyCode"":""KES"",""RecipientCurrencyCode"":""KES"",""RecipientCountryDialCode"":""254"",""ApiCode"":""MPESA""},""ProductCode"":""MobileMoney"",""FinancialDetail"":{""SettlementAmount"":""15958.550000""},""SenderDetail"":{""FirstName"":""Andrii"",""MiddleName"":""Ol"",""LastName"":""Borysenko""},""RecipientDetail"":{""MobileAccountNumber"":""254722000000"",""FirstName"":""Jomo"",""MiddleName"":""Joshua"",""LastName"":""Kiplimo""},""BankDetail"":{""bankName"":"""",""bankCode"":""""}}",DATA FROM PRODUCER,27942298,INITIALIZED
305,"{""WorldRemitId"":""27942301"",""Reference"":""27942301"",""CorridorDetail"":{""RecipientCountryCodeIso2"":""KE"",""SettlementCurrencyCode"":""KES"",""RecipientCurrencyCode"":""KES"",""RecipientCountryDialCode"":""254"",""ApiCode"":""MPESA""},""ProductCode"":""MobileMoney"",""FinancialDetail"":{""SettlementAmount"":""1526.470000""},""SenderDetail"":{""FirstName"":""Andrii"",""MiddleName"":""Ol"",""LastName"":""Borysenko""},""RecipientDetail"":{""MobileAccountNumber"":""254722000000"",""FirstName"":""Jomo"",""MiddleName"":""Joshua"",""LastName"":""Kiplimo""},""BankDetail"":{""bankName"":"""",""bankCode"":""""}}",DATA FROM PRODUCER,27942301,INITIALIZED
306,"{""WorldRemitId"":""27942175"",""Reference"":""27942175"",""CorridorDetail"":{""RecipientCountryCodeIso2"":""KE"",""SettlementCurrencyCode"":""KES"",""RecipientCurrencyCode"":""KES"",""RecipientCountryDialCode"":""254"",""ApiCode"":""MPESA""},""ProductCode"":""BankTransfer"",""FinancialDetail"":{""SettlementAmount"":""14.241732""},""SenderDetail"":{""FirstName"":""Andrii"",""MiddleName"":""Ol"",""LastName"":""Borysenko""},""RecipientDetail"":{""MobileAccountNumber"":""254722000000"",""FirstName"":""Jomo"",""MiddleName"":""Joshua"",""LastName"":""Kiplimo""},""BankDetail"":{""AccountNumber"":""0810197039302"",""BIC"":""EQBLKENA"",""bankName"":""EQUITY BANK LTD"",""bankCode"":""""}}",DATA FROM PRODUCER,27942175,INITIALIZED
313,"{""WorldRemitId"":""27942304"",""Reference"":""27942304"",""CorridorDetail"":{""RecipientCountryCodeIso2"":""KE"",""SettlementCurrencyCode"":""KES"",""RecipientCurrencyCode"":""KES"",""RecipientCountryDialCode"":""254"",""ApiCode"":""MPESA""},""ProductCode"":""MobileMoney"",""FinancialDetail"":{""SettlementAmount"":""1526.470000""},""SenderDetail"":{""FirstName"":""Andrii"",""MiddleName"":""Ol"",""LastName"":""Borysenko""},""RecipientDetail"":{""MobileAccountNumber"":""254722000000"",""FirstName"":""Jomo"",""MiddleName"":""Joshua"",""LastName"":""Kiplimo""},""BankDetail"":{""bankName"":"""",""bankCode"":""""}}",DATA FROM PRODUCER,27942304,INITIALIZED
338,"{""WorldRemitId"":""27942302"",""Reference"":""27942302"",""CorridorDetail"":{""RecipientCountryCodeIso2"":""KE"",""SettlementCurrencyCode"":""KES"",""RecipientCurrencyCode"":""KES"",""RecipientCountryDialCode"":""254"",""ApiCode"":""MPESA""},""ProductCode"":""MobileMoney"",""FinancialDetail"":{""SettlementAmount"":""1526.470000""},""SenderDetail"":{""FirstName"":""Andrii"",""MiddleName"":""Ol"",""LastName"":""Borysenko""},""RecipientDetail"":{""MobileAccountNumber"":""254722000000"",""FirstName"":""Jomo"",""MiddleName"":""Joshua"",""LastName"":""Kiplimo""},""BankDetail"":{""bankName"":"""",""bankCode"":""""}}",DATA FROM PRODUCER,27942302,INITIALIZED
339,"{""WorldRemitId"":""27942305"",""Reference"":""27942305"",""CorridorDetail"":{""RecipientCountryCodeIso2"":""KE"",""SettlementCurrencyCode"":""KES"",""RecipientCurrencyCode"":""KES"",""RecipientCountryDialCode"":""254"",""ApiCode"":""MPESA""},""ProductCode"":""MobileMoney"",""FinancialDetail"":{""SettlementAmount"":""1526.470000""},""SenderDetail"":{""FirstName"":""Andrii"",""MiddleName"":""Ol"",""LastName"":""Borysenko""},""RecipientDetail"":{""MobileAccountNumber"":""254722000000"",""FirstName"":""Jomo"",""MiddleName"":""Joshua"",""LastName"":""Kiplimo""},""BankDetail"":{""bankName"":"""",""bankCode"":""""}}",DATA FROM PRODUCER,27942305,INITIALIZED
340,"{""WorldRemitId"":""27942313"",""Reference"":""27942313"",""CorridorDetail"":{""RecipientCountryCodeIso2"":""KE"",""SettlementCurrencyCode"":""KES"",""RecipientCurrencyCode"":""KES"",""RecipientCountryDialCode"":""254"",""ApiCode"":""MPESA""},""ProductCode"":""BankTransfer"",""FinancialDetail"":{""SettlementAmount"":""14.241732""},""SenderDetail"":{""FirstName"":""Andrii"",""MiddleName"":""Ol"",""LastName"":""Borysenko""},""RecipientDetail"":{""MobileAccountNumber"":""254722000000"",""FirstName"":""Jomo"",""MiddleName"":""Joshua"",""LastName"":""Kiplimo""},""BankDetail"":{""AccountNumber"":""0810197039302"",""BIC"":""EQBLKENA"",""bankName"":""EQUITY BANK LTD"",""bankCode"":""""}}",DATA FROM PRODUCER,27942313,INITIALIZED
341,"{""WorldRemitId"":""27942307"",""Reference"":""27942307"",""CorridorDetail"":{""RecipientCountryCodeIso2"":""KE"",""SettlementCurrencyCode"":""KES"",""RecipientCurrencyCode"":""KES"",""RecipientCountryDialCode"":""254"",""ApiCode"":""MPESA""},""ProductCode"":""MobileMoney"",""FinancialDetail"":{""SettlementAmount"":""1526.470000""},""SenderDetail"":{""FirstName"":""Andrii"",""MiddleName"":""Ol"",""LastName"":""Borysenko""},""RecipientDetail"":{""MobileAccountNumber"":""254722000000"",""FirstName"":""Jomo"",""MiddleName"":""Joshua"",""LastName"":""Kiplimo""},""BankDetail"":{""bankName"":"""",""bankCode"":""""}}",DATA FROM PRODUCER,27942307,INITIALIZED
366,"{""WorldRemitId"":""27942327"",""Reference"":""27942327"",""CorridorDetail"":{""RecipientCountryCodeIso2"":""KE"",""SettlementCurrencyCode"":""KES"",""RecipientCurrencyCode"":""KES"",""RecipientCountryDialCode"":""254"",""ApiCode"":""MPESA""},""ProductCode"":""BankTransfer"",""FinancialDetail"":{""SettlementAmount"":""14.241732""},""SenderDetail"":{""FirstName"":""Andrii"",""MiddleName"":""Ol"",""LastName"":""Borysenko""},""RecipientDetail"":{""MobileAccountNumber"":""254722000000"",""FirstName"":""Jomo"",""MiddleName"":""Joshua"",""LastName"":""Kiplimo""},""BankDetail"":{""AccountNumber"":""0810197039302"",""BIC"":""EQBLKENA"",""bankName"":""EQUITY BANK LTD"",""bankCode"":""""}}",DATA FROM PRODUCER,27942327,INITIALIZED
373,"{""WorldRemitId"":""27942323"",""Reference"":""27942323"",""CorridorDetail"":{""RecipientCountryCodeIso2"":""KE"",""SettlementCurrencyCode"":""KES"",""RecipientCurrencyCode"":""KES"",""RecipientCountryDialCode"":""254"",""ApiCode"":""MPESA""},""ProductCode"":""BankTransfer"",""FinancialDetail"":{""SettlementAmount"":""14.241732""},""SenderDetail"":{""FirstName"":""Andrii"",""MiddleName"":""Ol"",""LastName"":""Borysenko""},""RecipientDetail"":{""MobileAccountNumber"":""254722000000"",""FirstName"":""Jomo"",""MiddleName"":""Joshua"",""LastName"":""Kiplimo""},""BankDetail"":{""AccountNumber"":""0810197039302"",""BIC"":""EQBLKENA"",""bankName"":""EQUITY BANK LTD"",""bankCode"":""""}}",DATA FROM PRODUCER,27942323,INITIALIZED
374,"{""WorldRemitId"":""27942319"",""Reference"":""27942319"",""CorridorDetail"":{""RecipientCountryCodeIso2"":""KE"",""SettlementCurrencyCode"":""KES"",""RecipientCurrencyCode"":""KES"",""RecipientCountryDialCode"":""254"",""ApiCode"":""MPESA""},""ProductCode"":""BankTransfer"",""FinancialDetail"":{""SettlementAmount"":""14.241732""},""SenderDetail"":{""FirstName"":""Andrii"",""MiddleName"":""Ol"",""LastName"":""Borysenko""},""RecipientDetail"":{""MobileAccountNumber"":""254722000000"",""FirstName"":""Jomo"",""MiddleName"":""Joshua"",""LastName"":""Kiplimo""},""BankDetail"":{""AccountNumber"":""0810197039302"",""BIC"":""EQBLKENA"",""bankName"":""EQUITY BANK LTD"",""bankCode"":""""}}",DATA FROM PRODUCER,27942319,INITIALIZED
375,"{""WorldRemitId"":""27942337"",""Reference"":""27942337"",""CorridorDetail"":{""RecipientCountryCodeIso2"":""KE"",""SettlementCurrencyCode"":""KES"",""RecipientCurrencyCode"":""KES"",""RecipientCountryDialCode"":""254"",""ApiCode"":""MPESA""},""ProductCode"":""BankTransfer"",""FinancialDetail"":{""SettlementAmount"":""14.241732""},""SenderDetail"":{""FirstName"":""Andrii"",""MiddleName"":""Ol"",""LastName"":""Borysenko""},""RecipientDetail"":{""MobileAccountNumber"":""254722000000"",""FirstName"":""Jomo"",""MiddleName"":""Joshua"",""LastName"":""Kiplimo""},""BankDetail"":{""AccountNumber"":""0810197039302"",""BIC"":""EQBLKENA"",""bankName"":""EQUITY BANK LTD"",""bankCode"":""""}}",DATA FROM PRODUCER,27942337,INITIALIZED
376,"{""WorldRemitId"":""27942316"",""Reference"":""27942316"",""CorridorDetail"":{""RecipientCountryCodeIso2"":""KE"",""SettlementCurrencyCode"":""KES"",""RecipientCurrencyCode"":""KES"",""RecipientCountryDialCode"":""254"",""ApiCode"":""MPESA""},""ProductCode"":""BankTransfer"",""FinancialDetail"":{""SettlementAmount"":""14.241732""},""SenderDetail"":{""FirstName"":""Andrii"",""MiddleName"":""Ol"",""LastName"":""Borysenko""},""RecipientDetail"":{""MobileAccountNumber"":""254722000000"",""FirstName"":""Jomo"",""MiddleName"":""Joshua"",""LastName"":""Kiplimo""},""BankDetail"":{""AccountNumber"":""0810197039302"",""BIC"":""EQBLKENA"",""bankName"":""EQUITY BANK LTD"",""bankCode"":""""}}",DATA FROM PRODUCER,27942316,INITIALIZED
407,"{""WorldRemitId"":""27942338"",""Reference"":""27942338"",""CorridorDetail"":{""RecipientCountryCodeIso2"":""KE"",""SettlementCurrencyCode"":""KES"",""RecipientCurrencyCode"":""KES"",""RecipientCountryDialCode"":""254"",""ApiCode"":""MPESA""},""ProductCode"":""BankTransfer"",""FinancialDetail"":{""SettlementAmount"":""14.241732""},""SenderDetail"":{""FirstName"":""Andrii"",""MiddleName"":""Ol"",""LastName"":""Borysenko""},""RecipientDetail"":{""MobileAccountNumber"":""254722000000"",""FirstName"":""Jomo"",""MiddleName"":""Joshua"",""LastName"":""Kiplimo""},""BankDetail"":{""AccountNumber"":""0810197039302"",""BIC"":""EQBLKENA"",""bankName"":""EQUITY BANK LTD"",""bankCode"":""""}}",DATA FROM PRODUCER,27942338,INITIALIZED
408,"{""WorldRemitId"":""27942343"",""Reference"":""27942343"",""CorridorDetail"":{""RecipientCountryCodeIso2"":""KE"",""SettlementCurrencyCode"":""KES"",""RecipientCurrencyCode"":""KES"",""RecipientCountryDialCode"":""254"",""ApiCode"":""MPESA""},""ProductCode"":""BankTransfer"",""FinancialDetail"":{""SettlementAmount"":""14.241732""},""SenderDetail"":{""FirstName"":""Andrii"",""MiddleName"":""Ol"",""LastName"":""Borysenko""},""RecipientDetail"":{""MobileAccountNumber"":""254722000000"",""FirstName"":""Jomo"",""MiddleName"":""Joshua"",""LastName"":""Kiplimo""},""BankDetail"":{""AccountNumber"":""0810197039302"",""BIC"":""EQBLKENA"",""bankName"":""EQUITY BANK LTD"",""bankCode"":""""}}",DATA FROM PRODUCER,27942343,INITIALIZED
409,"{""WorldRemitId"":""27942340"",""Reference"":""27942340"",""CorridorDetail"":{""RecipientCountryCodeIso2"":""KE"",""SettlementCurrencyCode"":""KES"",""RecipientCurrencyCode"":""KES"",""RecipientCountryDialCode"":""254"",""ApiCode"":""MPESA""},""ProductCode"":""BankTransfer"",""FinancialDetail"":{""SettlementAmount"":""14.241732""},""SenderDetail"":{""FirstName"":""Andrii"",""MiddleName"":""Ol"",""LastName"":""Borysenko""},""RecipientDetail"":{""MobileAccountNumber"":""254722000000"",""FirstName"":""Jomo"",""MiddleName"":""Joshua"",""LastName"":""Kiplimo""},""BankDetail"":{""AccountNumber"":""0810197039302"",""BIC"":""EQBLKENA"",""bankName"":""EQUITY BANK LTD"",""bankCode"":""""}}",DATA FROM PRODUCER,27942340,INITIALIZED
410,"{""WorldRemitId"":""27942346"",""Reference"":""27942346"",""CorridorDetail"":{""RecipientCountryCodeIso2"":""KE"",""SettlementCurrencyCode"":""KES"",""RecipientCurrencyCode"":""KES"",""RecipientCountryDialCode"":""254"",""ApiCode"":""MPESA""},""ProductCode"":""BankTransfer"",""FinancialDetail"":{""SettlementAmount"":""14.241732""},""SenderDetail"":{""FirstName"":""Andrii"",""MiddleName"":""Ol"",""LastName"":""Borysenko""},""RecipientDetail"":{""MobileAccountNumber"":""254722000000"",""FirstName"":""Jomo"",""MiddleName"":""Joshua"",""LastName"":""Kiplimo""},""BankDetail"":{""AccountNumber"":""0810197039302"",""BIC"":""EQBLKENA"",""bankName"":""EQUITY BANK LTD"",""bankCode"":""""}}",DATA FROM PRODUCER,27942346,INITIALIZED
411,"{""WorldRemitId"":""27942353"",""Reference"":""27942353"",""CorridorDetail"":{""RecipientCountryCodeIso2"":""KE"",""SettlementCurrencyCode"":""KES"",""RecipientCurrencyCode"":""KES"",""RecipientCountryDialCode"":""254"",""ApiCode"":""MPESA""},""ProductCode"":""BankTransfer"",""FinancialDetail"":{""SettlementAmount"":""14.241732""},""SenderDetail"":{""FirstName"":""Andrii"",""MiddleName"":""Ol"",""LastName"":""Borysenko""},""RecipientDetail"":{""MobileAccountNumber"":""254722000000"",""FirstName"":""Jomo"",""MiddleName"":""Joshua"",""LastName"":""Kiplimo""},""BankDetail"":{""AccountNumber"":""0810197039302"",""BIC"":""EQBLKENA"",""bankName"":""EQUITY BANK LTD"",""bankCode"":""""}}",DATA FROM PRODUCER,27942353,INITIALIZED
422,"{""WorldRemitId"":""27942358"",""Reference"":""27942358"",""CorridorDetail"":{""RecipientCountryCodeIso2"":""KE"",""SettlementCurrencyCode"":""KES"",""RecipientCurrencyCode"":""KES"",""RecipientCountryDialCode"":""254"",""ApiCode"":""MPESA""},""ProductCode"":""BankTransfer"",""FinancialDetail"":{""SettlementAmount"":""14.241732""},""SenderDetail"":{""FirstName"":""Andrii"",""MiddleName"":""Ol"",""LastName"":""Borysenko""},""RecipientDetail"":{""MobileAccountNumber"":""254722000000"",""FirstName"":""Jomo"",""MiddleName"":""Joshua"",""LastName"":""Kiplimo""},""BankDetail"":{""AccountNumber"":""0810197039302"",""BIC"":""EQBLKENA"",""bankName"":""EQUITY BANK LTD"",""bankCode"":""""}}",DATA FROM PRODUCER,27942358,INITIALIZED
443,"{""WorldRemitId"":""27942361"",""Reference"":""27942361"",""CorridorDetail"":{""RecipientCountryCodeIso2"":""KE"",""SettlementCurrencyCode"":""KES"",""RecipientCurrencyCode"":""KES"",""RecipientCountryDialCode"":""254"",""ApiCode"":""MPESA""},""ProductCode"":""BankTransfer"",""FinancialDetail"":{""SettlementAmount"":""14.241732""},""SenderDetail"":{""FirstName"":""Andrii"",""MiddleName"":""Ol"",""LastName"":""Borysenko""},""RecipientDetail"":{""MobileAccountNumber"":""254722000000"",""FirstName"":""Jomo"",""MiddleName"":""Joshua"",""LastName"":""Kiplimo""},""BankDetail"":{""AccountNumber"":""0810197039302"",""BIC"":""EQBLKENA"",""bankName"":""EQUITY BANK LTD"",""bankCode"":""""}}",DATA FROM PRODUCER,27942361,INITIALIZED
444,"{""WorldRemitId"":""27942360"",""Reference"":""27942360"",""CorridorDetail"":{""RecipientCountryCodeIso2"":""KE"",""SettlementCurrencyCode"":""KES"",""RecipientCurrencyCode"":""KES"",""RecipientCountryDialCode"":""254"",""ApiCode"":""MPESA""},""ProductCode"":""BankTransfer"",""FinancialDetail"":{""SettlementAmount"":""14.241732""},""SenderDetail"":{""FirstName"":""Andrii"",""MiddleName"":""Ol"",""LastName"":""Borysenko""},""RecipientDetail"":{""MobileAccountNumber"":""254722000000"",""FirstName"":""Jomo"",""MiddleName"":""Joshua"",""LastName"":""Kiplimo""},""BankDetail"":{""AccountNumber"":""0810197039302"",""BIC"":""EQBLKENA"",""bankName"":""EQUITY BANK LTD"",""bankCode"":""""}}",DATA FROM PRODUCER,27942360,INITIALIZED
445,"{""WorldRemitId"":""27942364"",""Reference"":""27942364"",""CorridorDetail"":{""RecipientCountryCodeIso2"":""KE"",""SettlementCurrencyCode"":""KES"",""RecipientCurrencyCode"":""KES"",""RecipientCountryDialCode"":""254"",""ApiCode"":""MPESA""},""ProductCode"":""BankTransfer"",""FinancialDetail"":{""SettlementAmount"":""14.241732""},""SenderDetail"":{""FirstName"":""Andrii"",""MiddleName"":""Ol"",""LastName"":""Borysenko""},""RecipientDetail"":{""MobileAccountNumber"":""254722000000"",""FirstName"":""Jomo"",""MiddleName"":""Joshua"",""LastName"":""Kiplimo""},""BankDetail"":{""AccountNumber"":""0810197039302"",""BIC"":""EQBLKENA"",""bankName"":""EQUITY BANK LTD"",""bankCode"":""""}}",DATA FROM PRODUCER,27942364,INITIALIZED
446,"{""WorldRemitId"":""27942355"",""Reference"":""27942355"",""CorridorDetail"":{""RecipientCountryCodeIso2"":""KE"",""SettlementCurrencyCode"":""KES"",""RecipientCurrencyCode"":""KES"",""RecipientCountryDialCode"":""254"",""ApiCode"":""MPESA""},""ProductCode"":""BankTransfer"",""FinancialDetail"":{""SettlementAmount"":""14.241732""},""SenderDetail"":{""FirstName"":""Andrii"",""MiddleName"":""Ol"",""LastName"":""Borysenko""},""RecipientDetail"":{""MobileAccountNumber"":""254722000000"",""FirstName"":""Jomo"",""MiddleName"":""Joshua"",""LastName"":""Kiplimo""},""BankDetail"":{""AccountNumber"":""0810197039302"",""BIC"":""EQBLKENA"",""bankName"":""EQUITY BANK LTD"",""bankCode"":""""}}",DATA FROM PRODUCER,27942355,INITIALIZED
459,"{""WorldRemitId"":""27942368"",""Reference"":""27942368"",""CorridorDetail"":{""RecipientCountryCodeIso2"":""KE"",""SettlementCurrencyCode"":""KES"",""RecipientCurrencyCode"":""KES"",""RecipientCountryDialCode"":""254"",""ApiCode"":""MPESA""},""ProductCode"":""BankTransfer"",""FinancialDetail"":{""SettlementAmount"":""14.241732""},""SenderDetail"":{""FirstName"":""Andrii"",""MiddleName"":""Ol"",""LastName"":""Borysenko""},""RecipientDetail"":{""MobileAccountNumber"":""254722000000"",""FirstName"":""Jomo"",""MiddleName"":""Joshua"",""LastName"":""Kiplimo""},""BankDetail"":{""AccountNumber"":""0810197039302"",""BIC"":""EQBLKENA"",""bankName"":""EQUITY BANK LTD"",""bankCode"":""""}}",DATA FROM PRODUCER,27942368,INITIALIZED
460,"{""WorldRemitId"":""27943199"",""Reference"":""27943199"",""CorridorDetail"":{""RecipientCountryCodeIso2"":""KE"",""SettlementCurrencyCode"":""KES"",""RecipientCurrencyCode"":""KES"",""RecipientCountryDialCode"":""254"",""ApiCode"":""MPESA""},""ProductCode"":""MobileMoney"",""FinancialDetail"":{""SettlementAmount"":""1526.470000""},""SenderDetail"":{""FirstName"":""Andrii"",""MiddleName"":""Ol"",""LastName"":""Borysenko""},""RecipientDetail"":{""MobileAccountNumber"":""254722000000"",""FirstName"":""Jomo"",""MiddleName"":""Joshua"",""LastName"":""Kiplimo""},""BankDetail"":{""bankName"":"""",""bankCode"":""""}}",DATA FROM PRODUCER,27943199,INITIALIZED
494,"{""WorldRemitId"":""27943353"",""Reference"":""27943353"",""CorridorDetail"":{""RecipientCountryCodeIso2"":""KE"",""SettlementCurrencyCode"":""KES"",""RecipientCurrencyCode"":""KES"",""RecipientCountryDialCode"":""254"",""ApiCode"":""MPESA""},""ProductCode"":""MobileMoney"",""FinancialDetail"":{""SettlementAmount"":""1526.470000""},""SenderDetail"":{""FirstName"":""Andrii"",""MiddleName"":""Ol"",""LastName"":""Borysenko""},""RecipientDetail"":{""MobileAccountNumber"":""254722000000"",""FirstName"":""Jomo"",""MiddleName"":""Joshua"",""LastName"":""Kiplimo""},""BankDetail"":{""bankName"":"""",""bankCode"":""""}}",DATA FROM PRODUCER,27943353,INITIALIZED
502,"{""WorldRemitId"":""27944259"",""Reference"":""27944259"",""CorridorDetail"":{""RecipientCountryCodeIso2"":""KE"",""SettlementCurrencyCode"":""KES"",""RecipientCurrencyCode"":""KES"",""RecipientCountryDialCode"":""254"",""ApiCode"":""MPESA""},""ProductCode"":""MobileMoney"",""FinancialDetail"":{""SettlementAmount"":""1526.470000""},""SenderDetail"":{""FirstName"":""Andrii"",""MiddleName"":""Ol"",""LastName"":""Borysenko""},""RecipientDetail"":{""MobileAccountNumber"":""254722000000"",""FirstName"":""Jomo"",""MiddleName"":""Joshua"",""LastName"":""Kiplimo""},""BankDetail"":{""bankName"":"""",""bankCode"":""""}}",DATA FROM PRODUCER,27944259,INITIALIZED
510,"{""WorldRemitId"":""27944356"",""Reference"":""27944356"",""CorridorDetail"":{""RecipientCountryCodeIso2"":""KE"",""SettlementCurrencyCode"":""KES"",""RecipientCurrencyCode"":""KES"",""RecipientCountryDialCode"":""254"",""ApiCode"":""MPESA""},""ProductCode"":""BankTransfer"",""FinancialDetail"":{""SettlementAmount"":""14.241732""},""SenderDetail"":{""FirstName"":""Andrii"",""MiddleName"":""Ol"",""LastName"":""Borysenko""},""RecipientDetail"":{""MobileAccountNumber"":""254722000000"",""FirstName"":""Jomo"",""MiddleName"":""Joshua"",""LastName"":""Kiplimo""},""BankDetail"":{""AccountNumber"":""0810197039302"",""BIC"":""EQBLKENA"",""bankName"":""EQUITY BANK LTD"",""bankCode"":""""}}",DATA FROM PRODUCER,27944356,INITIALIZED
526,"{""WorldRemitId"":""27946217"",""Reference"":""27946217"",""CorridorDetail"":{""RecipientCountryCodeIso2"":""KE"",""SettlementCurrencyCode"":""KES"",""RecipientCurrencyCode"":""KES"",""RecipientCountryDialCode"":""254"",""ApiCode"":""MPESA""},""ProductCode"":""MobileMoney"",""FinancialDetail"":{""SettlementAmount"":""1526.470000""},""SenderDetail"":{""FirstName"":""Andrii"",""MiddleName"":""Ol"",""LastName"":""Borysenko""},""RecipientDetail"":{""MobileAccountNumber"":""254722000000"",""FirstName"":""Jomo"",""MiddleName"":""Joshua"",""LastName"":""Kiplimo""},""BankDetail"":{""bankName"":"""",""bankCode"":""""}}",DATA FROM PRODUCER,27946217,INITIALIZED
534,"{""WorldRemitId"":""27946472"",""Reference"":""27946472"",""CorridorDetail"":{""RecipientCountryCodeIso2"":""KE"",""SettlementCurrencyCode"":""KES"",""RecipientCurrencyCode"":""KES"",""RecipientCountryDialCode"":""254"",""ApiCode"":""MPESA""},""ProductCode"":""BankTransfer"",""FinancialDetail"":{""SettlementAmount"":""14.241732""},""SenderDetail"":{""FirstName"":""Andrii"",""MiddleName"":""Ol"",""LastName"":""Borysenko""},""RecipientDetail"":{""MobileAccountNumber"":""254722000000"",""FirstName"":""Jomo"",""MiddleName"":""Joshua"",""LastName"":""Kiplimo""},""BankDetail"":{""AccountNumber"":""0810197039302"",""BIC"":""EQBLKENA"",""bankName"":""EQUITY BANK LTD"",""bankCode"":""""}}",DATA FROM PRODUCER,27946472,INITIALIZED
542,"{""WorldRemitId"":""27946536"",""Reference"":""27946536"",""CorridorDetail"":{""RecipientCountryCodeIso2"":""KE"",""SettlementCurrencyCode"":""KES"",""RecipientCurrencyCode"":""KES"",""RecipientCountryDialCode"":""254"",""ApiCode"":""MPESA""},""ProductCode"":""BankTransfer"",""FinancialDetail"":{""SettlementAmount"":""14.241732""},""SenderDetail"":{""FirstName"":""Andrii"",""MiddleName"":""Ol"",""LastName"":""Borysenko""},""RecipientDetail"":{""MobileAccountNumber"":""254722000000"",""FirstName"":""Jomo"",""MiddleName"":""Joshua"",""LastName"":""Kiplimo""},""BankDetail"":{""AccountNumber"":""0810197039302"",""BIC"":""EQBLKENA"",""bankName"":""EQUITY BANK LTD"",""bankCode"":""""}}",DATA FROM PRODUCER,27946536,INITIALIZED
558,"{""WorldRemitId"":""27946589"",""Reference"":""27946589"",""CorridorDetail"":{""RecipientCountryCodeIso2"":""KE"",""SettlementCurrencyCode"":""KES"",""RecipientCurrencyCode"":""KES"",""RecipientCountryDialCode"":""254"",""ApiCode"":""MPESA""},""ProductCode"":""BankTransfer"",""FinancialDetail"":{""SettlementAmount"":""14.241732""},""SenderDetail"":{""FirstName"":""Andrii"",""MiddleName"":""Ol"",""LastName"":""Borysenko""},""RecipientDetail"":{""MobileAccountNumber"":""254722000000"",""FirstName"":""Jomo"",""MiddleName"":""Joshua"",""LastName"":""Kiplimo""},""BankDetail"":{""AccountNumber"":""1222"",""BIC"":""EQBLKENA"",""bankName"":""EQUITY BANK LTD"",""bankCode"":""""}}",DATA FROM PRODUCER,27946589,INITIALIZED
566,"{""WorldRemitId"":""27947056"",""Reference"":""27947056"",""CorridorDetail"":{""RecipientCountryCodeIso2"":""KE"",""SettlementCurrencyCode"":""KES"",""RecipientCurrencyCode"":""KES"",""RecipientCountryDialCode"":""254"",""ApiCode"":""MPESA""},""ProductCode"":""BankTransfer"",""FinancialDetail"":{""SettlementAmount"":""14.241732""},""SenderDetail"":{""FirstName"":""Andrii"",""MiddleName"":""Ol"",""LastName"":""Borysenko""},""RecipientDetail"":{""MobileAccountNumber"":""254722000000"",""FirstName"":""Jomo"",""MiddleName"":""Joshua"",""LastName"":""Kiplimo""},""BankDetail"":{""AccountNumber"":""1222"",""BIC"":""EQBLKENA"",""bankName"":""EQUITY BANK LTD"",""bankCode"":""""}}",DATA FROM PRODUCER,27947056,INITIALIZED
574,"{""WorldRemitId"":""27947109"",""Reference"":""27947109"",""CorridorDetail"":{""RecipientCountryCodeIso2"":""KE"",""SettlementCurrencyCode"":""KES"",""RecipientCurrencyCode"":""KES"",""RecipientCountryDialCode"":""254"",""ApiCode"":""MPESA""},""ProductCode"":""BankTransfer"",""FinancialDetail"":{""SettlementAmount"":""14.241732""},""SenderDetail"":{""FirstName"":""Andrii"",""MiddleName"":""Ol"",""LastName"":""Borysenko""},""RecipientDetail"":{""MobileAccountNumber"":""254722000000"",""FirstName"":""Jomo"",""MiddleName"":""Joshua"",""LastName"":""Kiplimo""},""BankDetail"":{""AccountNumber"":""1222"",""BIC"":""EQBLKENA"",""bankName"":""EQUITY BANK LTD"",""bankCode"":""""}}",DATA FROM PRODUCER,27947109,INITIALIZED
582,"{""WorldRemitId"":""27947114"",""Reference"":""27947114"",""CorridorDetail"":{""RecipientCountryCodeIso2"":""KE"",""SettlementCurrencyCode"":""KES"",""RecipientCurrencyCode"":""KES"",""RecipientCountryDialCode"":""254"",""ApiCode"":""MPESA""},""ProductCode"":""BankTransfer"",""FinancialDetail"":{""SettlementAmount"":""14.241732""},""SenderDetail"":{""FirstName"":""Andrii"",""MiddleName"":""Ol"",""LastName"":""Borysenko""},""RecipientDetail"":{""MobileAccountNumber"":""254722000000"",""FirstName"":""Jomo"",""MiddleName"":""Joshua"",""LastName"":""Kiplimo""},""BankDetail"":{""AccountNumber"":""0810197039302"",""BIC"":""EQBLKENA"",""bankName"":""EQUITY BANK LTD"",""bankCode"":""""}}",DATA FROM PRODUCER,27947114,INITIALIZED
590,"{""WorldRemitId"":""27947143"",""Reference"":""27947143"",""CorridorDetail"":{""RecipientCountryCodeIso2"":""KE"",""SettlementCurrencyCode"":""KES"",""RecipientCurrencyCode"":""KES"",""RecipientCountryDialCode"":""254"",""ApiCode"":""MPESA""},""ProductCode"":""BankTransfer"",""FinancialDetail"":{""SettlementAmount"":""14.241732""},""SenderDetail"":{""FirstName"":""Andrii"",""MiddleName"":""Ol"",""LastName"":""Borysenko""},""RecipientDetail"":{""MobileAccountNumber"":""254722000000"",""FirstName"":""Jomo"",""MiddleName"":""Joshua"",""LastName"":""Kiplimo""},""BankDetail"":{""AccountNumber"":""0810197039302"",""BIC"":""EQBLKENA"",""bankName"":""EQUITY BANK LTD"",""bankCode"":""""}}",DATA FROM PRODUCER,27947143,INITIALIZED
598,"{""WorldRemitId"":""27947168"",""Reference"":""27947168"",""CorridorDetail"":{""RecipientCountryCodeIso2"":""KE"",""SettlementCurrencyCode"":""KES"",""RecipientCurrencyCode"":""KES"",""RecipientCountryDialCode"":""254"",""ApiCode"":""MPESA""},""ProductCode"":""MobileMoney"",""FinancialDetail"":{""SettlementAmount"":""1526.470000""},""SenderDetail"":{""FirstName"":""Andrii"",""MiddleName"":""Ol"",""LastName"":""Borysenko""},""RecipientDetail"":{""MobileAccountNumber"":""254722000000"",""FirstName"":""Jomo"",""MiddleName"":""Joshua"",""LastName"":""Kiplimo""},""BankDetail"":{""bankName"":"""",""bankCode"":""""}}",DATA FROM PRODUCER,27947168,INITIALIZED
606,"{""WorldRemitId"":""27947173"",""Reference"":""27947173"",""CorridorDetail"":{""RecipientCountryCodeIso2"":""KE"",""SettlementCurrencyCode"":""KES"",""RecipientCurrencyCode"":""KES"",""RecipientCountryDialCode"":""254"",""ApiCode"":""MPESA""},""ProductCode"":""MobileMoney"",""FinancialDetail"":{""SettlementAmount"":""1526.470000""},""SenderDetail"":{""FirstName"":""Andrii"",""MiddleName"":""Ol"",""LastName"":""Borysenko""},""RecipientDetail"":{""MobileAccountNumber"":""254722000000"",""FirstName"":""Jomo"",""MiddleName"":""Joshua"",""LastName"":""Kiplimo""},""BankDetail"":{""bankName"":"""",""bankCode"":""""}}",DATA FROM PRODUCER,27947173,INITIALIZED
614,"{""WorldRemitId"":""27932727"",""Reference"":""27932727"",""CorridorDetail"":{""RecipientCountryCodeIso2"":""KE"",""SettlementCurrencyCode"":""USD"",""RecipientCurrencyCode"":""KES"",""RecipientCountryDialCode"":""254"",""ApiCode"":""MPESA""},""ProductCode"":""MobileMoney"",""FinancialDetail"":{""SettlementAmount"":""14.061072""},""SenderDetail"":{""FirstName"":""Andrii"",""MiddleName"":""Ol"",""LastName"":""Borysenko""},""RecipientDetail"":{""MobileAccountNumber"":""254733000000"",""FirstName"":""Jomo"",""MiddleName"":""Test"",""LastName"":""Kiplimo""},""BankDetail"":{""bankName"":"""",""bankCode"":""""}}",DATA FROM PRODUCER,27932727,INITIALIZED
622,"{""WorldRemitId"":""27947911"",""Reference"":""27947911"",""CorridorDetail"":{""RecipientCountryCodeIso2"":""KE"",""SettlementCurrencyCode"":""KES"",""RecipientCurrencyCode"":""KES"",""RecipientCountryDialCode"":""254"",""ApiCode"":""MPESA""},""ProductCode"":""BankTransfer"",""FinancialDetail"":{""SettlementAmount"":""14.241732""},""SenderDetail"":{""FirstName"":""Andrii"",""MiddleName"":""Ol"",""LastName"":""Borysenko""},""RecipientDetail"":{""MobileAccountNumber"":""254null"",""FirstName"":""Jomo"",""MiddleName"":"""",""LastName"":""Kiplimo""},""BankDetail"":{""AccountNumber"":""111"",""BIC"":""000"",""bankName"":""EQUITY BANK LTD"",""bankCode"":""""}}",DATA FROM PRODUCER,27947911,INITIALIZED
638,"{""WorldRemitId"":""27947958"",""Reference"":""27947958"",""CorridorDetail"":{""RecipientCountryCodeIso2"":""KE"",""SettlementCurrencyCode"":""KES"",""RecipientCurrencyCode"":""KES"",""RecipientCountryDialCode"":""254"",""ApiCode"":""MPESA""},""ProductCode"":""BankTransfer"",""FinancialDetail"":{""SettlementAmount"":""14.241732""},""SenderDetail"":{""FirstName"":""Andrii"",""MiddleName"":""Ol"",""LastName"":""Borysenko""},""RecipientDetail"":{""MobileAccountNumber"":""254null"",""FirstName"":""Jomo"",""MiddleName"":""Joshua"",""LastName"":""Kiplimo""},""BankDetail"":{""AccountNumber"":""0810197039302"",""BIC"":""EQBLKENA"",""bankName"":""Equity Bank Ltd""}}",DATA FROM PRODUCER,27947958,INITIALIZED
646,"{""WorldRemitId"":""27948146"",""Reference"":""27948146"",""CorridorDetail"":{""RecipientCountryCodeIso2"":""KE"",""SettlementCurrencyCode"":""KES"",""RecipientCurrencyCode"":""KES"",""RecipientCountryDialCode"":""254"",""ApiCode"":""MPESA""},""ProductCode"":""BankTransfer"",""FinancialDetail"":{""SettlementAmount"":""14.241732""},""SenderDetail"":{""FirstName"":""Andrii"",""MiddleName"":""Ol"",""LastName"":""Borysenko""},""RecipientDetail"":{""MobileAccountNumber"":""254722000000"",""FirstName"":""Jomo"",""MiddleName"":""Joshua"",""LastName"":""Kiplimo""},""BankDetail"":{""AccountNumber"":""0810197039302"",""BIC"":""EQBLKENA"",""bankName"":""EQUITY BANK LTD"",""bankCode"":""""}}",DATA FROM PRODUCER,27948146,INITIALIZED
654,"{""WorldRemitId"":""27947951"",""Reference"":""27947951"",""CorridorDetail"":{""RecipientCountryCodeIso2"":""KE"",""SettlementCurrencyCode"":""KES"",""RecipientCurrencyCode"":""KES"",""RecipientCountryDialCode"":""254"",""ApiCode"":""MPESA""},""ProductCode"":""BankTransfer"",""FinancialDetail"":{""SettlementAmount"":""14.241732""},""SenderDetail"":{""FirstName"":""Andrii"",""MiddleName"":""Ol"",""LastName"":""Borysenko""},""RecipientDetail"":{""MobileAccountNumber"":""254722000000"",""FirstName"":""Jomo"",""MiddleName"":""Joshua"",""LastName"":""Kiplimo""},""BankDetail"":{""AccountNumber"":""0810197039302"",""BIC"":""EQBLKENA"",""bankName"":""EQUITY BANK LTD"",""bankCode"":""""}}",DATA FROM PRODUCER,27947951,INITIALIZED
662,"{""WorldRemitId"":""27951100"",""Reference"":""27951100"",""CorridorDetail"":{""RecipientCountryCodeIso2"":""KE"",""SettlementCurrencyCode"":""KES"",""RecipientCurrencyCode"":""KES"",""RecipientCountryDialCode"":""254"",""ApiCode"":""MPESA""},""ProductCode"":""MobileMoney"",""FinancialDetail"":{""SettlementAmount"":""1526.470000""},""SenderDetail"":{""FirstName"":""Andrii"",""MiddleName"":""Ol"",""LastName"":""Borysenko""},""RecipientDetail"":{""MobileAccountNumber"":""254722000000"",""FirstName"":""Jomo"",""MiddleName"":""Joshua"",""LastName"":""Kiplimo""},""BankDetail"":{""bankName"":"""",""bankCode"":""""}}",DATA FROM PRODUCER,27951100,INITIALIZED
670,"{""WorldRemitId"":""27951106"",""Reference"":""27951106"",""CorridorDetail"":{""RecipientCountryCodeIso2"":""KE"",""SettlementCurrencyCode"":""KES"",""RecipientCurrencyCode"":""KES"",""RecipientCountryDialCode"":""254"",""ApiCode"":""MPESA""},""ProductCode"":""MobileMoney"",""FinancialDetail"":{""SettlementAmount"":""1526.470000""},""SenderDetail"":{""FirstName"":""Andrii"",""MiddleName"":""Ol"",""LastName"":""Borysenko""},""RecipientDetail"":{""MobileAccountNumber"":""254722000000"",""FirstName"":""Jomo"",""MiddleName"":""Joshua"",""LastName"":""Kiplimo""},""BankDetail"":{""bankName"":"""",""bankCode"":""""}}",DATA FROM PRODUCER,27951106,INITIALIZED
678,"{""WorldRemitId"":""27951112"",""Reference"":""27951112"",""CorridorDetail"":{""RecipientCountryCodeIso2"":""KE"",""SettlementCurrencyCode"":""KES"",""RecipientCurrencyCode"":""KES"",""RecipientCountryDialCode"":""254"",""ApiCode"":""MPESA""},""ProductCode"":""MobileMoney"",""FinancialDetail"":{""SettlementAmount"":""1526.470000""},""SenderDetail"":{""FirstName"":""Andrii"",""MiddleName"":""Ol"",""LastName"":""Borysenko""},""RecipientDetail"":{""MobileAccountNumber"":""254722000000"",""FirstName"":""Jomo"",""MiddleName"":""Joshua"",""LastName"":""Kiplimo""},""BankDetail"":{""bankName"":"""",""bankCode"":""""}}",DATA FROM PRODUCER,27951112,INITIALIZED
686,"{""WorldRemitId"":""27951164"",""Reference"":""27951164"",""CorridorDetail"":{""RecipientCountryCodeIso2"":""KE"",""SettlementCurrencyCode"":""KES"",""RecipientCurrencyCode"":""KES"",""RecipientCountryDialCode"":""254"",""ApiCode"":""MPESA""},""ProductCode"":""MobileMoney"",""FinancialDetail"":{""SettlementAmount"":""69.390000""},""SenderDetail"":{""FirstName"":""Andrii"",""MiddleName"":""Ol"",""LastName"":""Borysenko""},""RecipientDetail"":{""MobileAccountNumber"":""254722000000"",""FirstName"":""Jomo"",""MiddleName"":""Joshua"",""LastName"":""Kiplimo""},""BankDetail"":{""bankName"":"""",""bankCode"":""""}}",DATA FROM PRODUCER,27951164,INITIALIZED
701,"{""WorldRemitId"":""27953125"",""Reference"":""27953125"",""CorridorDetail"":{""RecipientCountryCodeIso2"":""KE"",""SettlementCurrencyCode"":""KES"",""RecipientCurrencyCode"":""KES"",""RecipientCountryDialCode"":""254"",""ApiCode"":""MPESA""},""ProductCode"":""BankTransfer"",""FinancialDetail"":{""SettlementAmount"":""14.241732""},""SenderDetail"":{""FirstName"":""Andrii"",""MiddleName"":""Ol"",""LastName"":""Borysenko""},""RecipientDetail"":{""MobileAccountNumber"":""254722000000"",""FirstName"":""Jomo"",""MiddleName"":""Joshua"",""LastName"":""Kiplimo""},""BankDetail"":{""AccountNumber"":""0810197039302"",""BIC"":""EQBLKENA"",""bankName"":""EQUITY BANK LTD"",""bankCode"":""""}}",DATA FROM PRODUCER,27953125,INITIALIZED
729,"{""WorldRemitId"":""27939583"",""Reference"":""27939583"",""CorridorDetail"":{""RecipientCountryCodeIso2"":""KE"",""SettlementCurrencyCode"":""KES"",""RecipientCurrencyCode"":""KES"",""RecipientCountryDialCode"":""254"",""ApiCode"":""MPESA""},""ProductCode"":""BankTransfer"",""FinancialDetail"":{""SettlementAmount"":""14.241732""},""SenderDetail"":{""FirstName"":""Andrii"",""MiddleName"":""Ol"",""LastName"":""Borysenko""},""RecipientDetail"":{""MobileAccountNumber"":""254722000000"",""FirstName"":""Jomo"",""MiddleName"":""Joshua"",""LastName"":""Kiplimo""},""BankDetail"":{""AccountNumber"":""0810197039302"",""BIC"":""EQBLKENAXXX"",""bankName"":""EQUITY BANK LTD"",""bankCode"":""""}}",DATA FROM PRODUCER,27939583,INITIALIZED
730,"{""WorldRemitId"":""27954531"",""Reference"":""27954531"",""CorridorDetail"":{""RecipientCountryCodeIso2"":""KE"",""SettlementCurrencyCode"":""KES"",""RecipientCurrencyCode"":""KES"",""RecipientCountryDialCode"":""254"",""ApiCode"":""MPESA""},""ProductCode"":""BankTransfer"",""FinancialDetail"":{""SettlementAmount"":""14.241732""},""SenderDetail"":{""FirstName"":""Andrii"",""MiddleName"":""Ol"",""LastName"":""Borysenko""},""RecipientDetail"":{""MobileAccountNumber"":""254722000000"",""FirstName"":""Jomo"",""MiddleName"":""Joshua"",""LastName"":""Kiplimo""},""BankDetail"":{""AccountNumber"":""0810197039302"",""BIC"":""EQBLKENA"",""bankName"":""EQUITY BANK LTD"",""bankCode"":""""}}",DATA FROM PRODUCER,27954531,INITIALIZED